,CRACK_SPREAD_321
1986-01-03,38.92800000000001
1986-01-06,37.33800000000001
1986-01-07,39.378
1986-01-08,39.31800000000001
1986-01-09,38.83800000000001
1986-01-10,39.97800000000002
1986-01-13,41.68800000000002
1986-01-14,42.018000000000015
1986-01-15,41.38800000000002
1986-01-16,44.988000000000014
1986-01-17,46.03800000000001
1986-01-20,52.93800000000002
1986-01-21,55.09800000000001
1986-01-22,56.17800000000001
1986-01-23,57.13800000000001
1986-01-24,58.57800000000002
1986-01-27,54.31800000000001
1986-01-28,58.57800000000002
1986-01-29,58.09800000000001
1986-01-30,58.18800000000002
1986-01-31,60.07800000000002
1986-02-01,60.07800000000002
1986-02-03,64.668
1986-02-04,70.18800000000002
1986-02-05,68.08800000000001
1986-02-06,67.12800000000001
1986-02-07,63.82800000000002
1986-02-10,66.58800000000001
1986-02-11,68.08800000000001
1986-02-12,69.70800000000001
1986-02-13,67.638
1986-02-14,68.83800000000001
1986-02-18,72.82800000000002
1986-02-19,71.68800000000002
1986-02-20,74.53800000000001
1986-02-21,76.03800000000001
1986-02-24,72.888
1986-02-25,72.888
1986-02-26,73.06800000000001
1986-02-27,74.778
1986-02-28,77.23800000000001
1986-03-01,77.23800000000001
1986-03-03,80.98800000000001
1986-03-04,80.98800000000001
1986-03-05,80.83800000000002
1986-03-06,77.53800000000001
1986-03-07,80.20800000000001
1986-03-10,78.108
1986-03-11,77.23800000000001
1986-03-12,74.778
1986-03-13,79.12800000000001
1986-03-14,79.278
1986-03-17,77.08800000000002
1986-03-18,74.83800000000002
1986-03-19,77.17800000000001
1986-03-20,78.67800000000001
1986-03-21,75.07800000000002
1986-03-24,80.32800000000002
1986-03-25,79.638
1986-03-26,80.83800000000002
1986-03-27,82.87800000000001
1986-03-31,86.17800000000001
1986-04-01,83.53800000000001
1986-04-02,82.87800000000001
1986-04-03,81.82800000000002
1986-04-04,78.67800000000001
1986-04-07,73.75800000000001
1986-04-08,78.43800000000002
1986-04-09,77.92800000000001
1986-04-10,76.57800000000002
1986-04-11,76.03800000000001
1986-04-14,78.108
1986-04-15,78.768
1986-04-16,82.42800000000001
1986-04-17,81.67800000000001
1986-04-18,81.28800000000001
1986-04-21,79.48800000000001
1986-04-22,77.53800000000001
1986-04-23,75.82800000000002
1986-04-24,75.97800000000001
1986-04-25,74.23800000000001
1986-04-28,76.90800000000002
1986-04-29,76.03800000000001
1986-04-30,76.78800000000001
1986-05-01,75.528
1986-05-02,72.97800000000001
1986-05-05,73.96800000000002
1986-05-06,73.638
1986-05-07,71.53800000000001
1986-05-08,69.82800000000002
1986-05-09,69.43800000000002
1986-05-12,69.67800000000001
1986-05-13,69.97800000000001
1986-05-14,70.33800000000002
1986-05-15,69.888
1986-05-16,68.68800000000002
1986-05-19,65.53800000000001
1986-05-20,68.388
1986-05-21,70.33800000000002
1986-05-22,68.80800000000002
1986-05-23,66.07800000000002
1986-05-27,71.62800000000001
1986-05-28,72.97800000000001
1986-05-29,73.42800000000001
1986-05-30,74.028
1986-06-01,74.028
1986-06-02,75.528
1986-06-03,76.50000000000001
1986-06-04,76.47000000000001
1986-06-05,76.79400000000001
1986-06-06,78.02400000000002
1986-06-09,77.88000000000001
1986-06-10,78.23400000000001
1986-06-11,75.822
1986-06-12,75.52200000000002
1986-06-13,75.27000000000001
1986-06-16,75.01200000000001
1986-06-17,74.802
1986-06-18,74.97600000000001
1986-06-19,74.89800000000001
1986-06-20,72.054
1986-06-23,73.39200000000001
1986-06-24,73.60200000000002
1986-06-25,76.10400000000001
1986-06-26,76.41600000000001
1986-06-27,75.82200000000002
1986-06-30,77.352
1986-07-01,78.37200000000001
1986-07-02,79.00200000000001
1986-07-03,79.60200000000002
1986-07-07,80.57400000000001
1986-07-08,80.58600000000001
1986-07-09,80.69400000000002
1986-07-10,80.51400000000001
1986-07-11,80.26200000000001
1986-07-14,79.58400000000002
1986-07-15,78.27000000000001
1986-07-16,76.62
1986-07-17,77.382
1986-07-18,76.134
1986-07-21,75.32400000000001
1986-07-22,80.97000000000001
1986-07-23,81.12
1986-07-24,80.92800000000001
1986-07-25,80.868
1986-07-28,80.13000000000001
1986-07-29,78.93
1986-07-30,79.13400000000001
1986-07-31,79.83600000000001
1986-08-01,78.97200000000001
1986-08-04,73.75200000000001
1986-08-05,74.13000000000001
1986-08-06,72.906
1986-08-07,71.76600000000002
1986-08-08,72.35400000000001
1986-08-11,72.084
1986-08-12,70.93200000000002
1986-08-13,71.46600000000001
1986-08-14,71.18400000000003
1986-08-15,70.19400000000002
1986-08-18,70.98600000000002
1986-08-19,72.156
1986-08-20,71.95200000000001
1986-08-21,71.99400000000001
1986-08-22,71.24400000000001
1986-08-25,71.16000000000001
1986-08-26,69.96600000000001
1986-08-27,69.9
1986-08-28,70.15200000000002
1986-08-29,70.14600000000002
1986-09-01,70.14600000000002
1986-09-02,69.27600000000001
1986-09-03,70.05600000000001
1986-09-04,69.9
1986-09-05,71.676
1986-09-08,70.92
1986-09-09,71.80200000000002
1986-09-10,71.724
1986-09-11,71.52600000000001
1986-09-12,71.45400000000001
1986-09-15,73.20000000000002
1986-09-16,74.394
1986-09-17,74.12400000000002
1986-09-18,72.816
1986-09-19,73.18200000000002
1986-09-22,74.52000000000001
1986-09-23,73.69200000000001
1986-09-24,72.94200000000001
1986-09-25,73.45800000000003
1986-09-26,73.21800000000002
1986-09-29,72.18
1986-09-30,72.87000000000002
1986-10-01,71.74200000000002
1986-10-02,71.58600000000001
1986-10-03,72.34800000000001
1986-10-06,72.35400000000001
1986-10-07,70.42200000000001
1986-10-08,71.00400000000002
1986-10-09,71.778
1986-10-10,71.52600000000001
1986-10-14,72.35400000000001
1986-10-15,71.934
1986-10-16,72.62400000000002
1986-10-17,72.12600000000002
1986-10-20,71.62800000000001
1986-10-21,71.56200000000001
1986-10-22,72.25200000000002
1986-10-23,71.65800000000002
1986-10-24,71.46600000000001
1986-10-27,72.552
1986-10-28,72.96000000000001
1986-10-29,73.93200000000002
1986-10-30,70.93200000000002
1986-10-31,71.01000000000002
1986-11-01,71.01000000000002
1986-11-03,72.49200000000002
1986-11-04,72.072
1986-11-05,72.30600000000001
1986-11-06,72.19200000000001
1986-11-07,72.19200000000001
1986-11-10,71.952
1986-11-11,71.85000000000001
1986-11-12,71.862
1986-11-13,71.748
1986-11-14,71.44200000000001
1986-11-17,71.32800000000002
1986-11-18,71.19600000000001
1986-11-19,71.67000000000002
1986-11-20,72.59400000000001
1986-11-21,72.67200000000001
1986-11-24,72.57600000000001
1986-11-25,72.492
1986-11-26,72.60000000000001
1986-11-28,72.60000000000001
1986-12-01,72.40200000000002
1986-12-02,72.654
1986-12-03,72.75600000000001
1986-12-04,72.63000000000002
1986-12-05,72.936
1986-12-08,73.03200000000001
1986-12-09,72.97800000000001
1986-12-10,72.70200000000001
1986-12-11,72.138
1986-12-12,70.72200000000001
1986-12-15,70.01400000000001
1986-12-16,70.36200000000001
1986-12-17,71.118
1986-12-18,69.936
1986-12-19,69.29400000000001
1986-12-22,68.68200000000002
1986-12-23,68.57400000000001
1986-12-24,67.87800000000001
1986-12-26,67.87800000000001
1986-12-29,66.918
1986-12-30,66.46800000000002
1986-12-31,66.49800000000002
1987-01-01,66.49800000000002
1987-01-02,66.23400000000001
1987-01-05,66.43200000000002
1987-01-06,66.162
1987-01-07,66.162
1987-01-08,65.406
1987-01-09,65.50200000000001
1987-01-12,65.51400000000001
1987-01-13,65.89200000000001
1987-01-14,65.754
1987-01-15,65.91600000000001
1987-01-16,65.796
1987-01-19,66.24600000000001
1987-01-20,66.53400000000002
1987-01-21,66.168
1987-01-22,66.36000000000001
1987-01-23,66.57600000000001
1987-01-26,66.03600000000002
1987-01-27,66.27600000000001
1987-01-28,65.65800000000002
1987-01-29,65.46600000000001
1987-01-30,65.73600000000002
1987-02-01,65.73600000000002
1987-02-02,65.56800000000001
1987-02-03,65.94600000000001
1987-02-04,65.88600000000001
1987-02-05,65.61600000000001
1987-02-06,65.64
1987-02-09,65.43
1987-02-10,65.334
1987-02-11,65.90400000000001
1987-02-12,66.012
1987-02-13,66.50400000000002
1987-02-17,66.738
1987-02-18,67.38000000000001
1987-02-19,67.00800000000001
1987-02-20,66.37800000000001
1987-02-23,67.662
1987-02-24,68.48400000000001
1987-02-25,68.94000000000003
1987-02-26,67.96200000000002
1987-02-27,68.75400000000002
1987-03-01,68.75400000000002
1987-03-02,68.68800000000002
1987-03-03,67.12200000000001
1987-03-04,67.08000000000001
1987-03-05,66.37200000000001
1987-03-06,66.40200000000002
1987-03-09,66.27600000000001
1987-03-10,66.27600000000001
1987-03-11,66.13800000000002
1987-03-12,65.91000000000001
1987-03-13,66.126
1987-03-16,66.05400000000002
1987-03-17,65.48400000000001
1987-03-18,64.75200000000001
1987-03-19,65.63400000000001
1987-03-20,64.94400000000002
1987-03-23,65.03399999999999
1987-03-24,65.202
1987-03-25,65.26800000000001
1987-03-26,64.69200000000001
1987-03-27,64.632
1987-03-30,64.53
1987-03-31,63.36600000000001
1987-04-01,64.494
1987-04-02,64.30200000000002
1987-04-03,64.75200000000001
1987-04-06,64.452
1987-04-07,64.47
1987-04-08,64.29000000000002
1987-04-09,64.2
1987-04-10,64.96200000000002
1987-04-13,65.70000000000002
1987-04-14,65.51400000000001
1987-04-15,64.86600000000001
1987-04-16,64.296
1987-04-20,63.804
1987-04-21,63.126000000000005
1987-04-22,63.072
1987-04-23,63.70200000000001
1987-04-24,63.888000000000005
1987-04-27,64.51200000000001
1987-04-28,64.686
1987-04-29,64.39200000000001
1987-04-30,64.51200000000001
1987-05-01,64.27200000000002
1987-05-04,64.08600000000001
1987-05-05,63.63000000000002
1987-05-06,63.93000000000001
1987-05-07,64.14000000000001
1987-05-08,63.834
1987-05-11,63.46800000000001
1987-05-12,63.90000000000002
1987-05-13,63.756000000000014
1987-05-14,63.37200000000003
1987-05-15,62.532000000000025
1987-05-18,62.32200000000002
1987-05-19,62.22600000000001
1987-05-20,62.71800000000002
1987-05-21,62.49600000000001
1987-05-22,63.13800000000001
1987-05-25,63.13800000000001
1987-05-26,64.12800000000001
1987-05-27,63.744000000000014
1987-05-28,63.918000000000006
1987-05-29,63.762000000000015
1987-06-01,63.19200000000001
1987-06-02,62.53200000000001
1987-06-03,62.23200000000001
1987-06-04,62.46600000000001
1987-06-05,62.30400000000001
1987-06-08,62.14800000000001
1987-06-09,62.49000000000002
1987-06-10,62.562000000000026
1987-06-11,62.460000000000015
1987-06-12,62.17800000000002
1987-06-15,61.92600000000001
1987-06-16,61.45200000000001
1987-06-17,61.158
1987-06-18,60.762000000000015
1987-06-19,60.31200000000002
1987-06-22,60.120000000000005
1987-06-23,61.78200000000001
1987-06-24,61.158000000000015
1987-06-25,61.22400000000001
1987-06-26,61.28400000000002
1987-06-29,61.33200000000001
1987-06-30,62.02200000000002
1987-07-01,61.31400000000002
1987-07-02,60.93600000000002
1987-07-03,60.93600000000002
1987-07-06,60.132000000000005
1987-07-07,60.23400000000001
1987-07-08,59.86200000000001
1987-07-09,59.058000000000014
1987-07-10,59.16600000000001
1987-07-13,58.920000000000016
1987-07-14,58.36200000000002
1987-07-15,56.664000000000016
1987-07-16,56.20200000000001
1987-07-17,56.370000000000005
1987-07-20,57.042000000000016
1987-07-21,57.97800000000001
1987-07-22,58.08000000000001
1987-07-23,59.32800000000002
1987-07-24,60.69000000000001
1987-07-27,60.846
1987-07-28,58.926
1987-07-29,58.46400000000001
1987-07-30,58.524000000000015
1987-07-31,58.60200000000002
1987-08-01,58.60200000000002
1987-08-03,57.18600000000001
1987-08-04,58.02000000000001
1987-08-05,59.07600000000001
1987-08-06,59.59200000000001
1987-08-07,59.90400000000001
1987-08-10,60.45600000000002
1987-08-11,59.55600000000002
1987-08-12,59.88600000000002
1987-08-13,60.27600000000001
1987-08-14,60.71400000000001
1987-08-17,62.082
1987-08-18,61.98600000000002
1987-08-19,62.25000000000001
1987-08-20,62.59200000000001
1987-08-21,63.19200000000002
1987-08-24,63.04200000000001
1987-08-25,62.55600000000001
1987-08-26,62.994000000000014
1987-08-27,62.604
1987-08-28,63.102
1987-08-31,62.56200000000001
1987-09-01,63.054000000000016
1987-09-02,62.98200000000001
1987-09-03,63.48600000000002
1987-09-04,63.65400000000001
1987-09-07,63.65400000000001
1987-09-08,64.36800000000001
1987-09-09,63.63600000000002
1987-09-10,62.89200000000002
1987-09-11,63.62400000000001
1987-09-14,63.17400000000001
1987-09-15,62.86200000000001
1987-09-16,62.71200000000001
1987-09-17,62.93400000000001
1987-09-18,63.018000000000015
1987-09-21,62.53200000000001
1987-09-22,63.79200000000001
1987-09-23,63.24000000000001
1987-09-24,63.516000000000005
1987-09-25,63.89400000000002
1987-09-28,63.86400000000002
1987-09-29,63.85800000000002
1987-09-30,63.86400000000002
1987-10-01,64.03200000000001
1987-10-02,63.58800000000001
1987-10-05,63.92400000000002
1987-10-06,65.02800000000002
1987-10-07,64.27200000000002
1987-10-08,64.17000000000002
1987-10-09,64.34400000000001
1987-10-12,64.34400000000001
1987-10-13,64.45800000000001
1987-10-14,64.15200000000002
1987-10-15,64.21200000000002
1987-10-16,63.50400000000002
1987-10-19,64.27800000000002
1987-10-20,64.488
1987-10-21,64.15200000000002
1987-10-22,63.666
1987-10-23,63.570000000000014
1987-10-26,63.858
1987-10-27,63.66000000000002
1987-10-28,63.89400000000001
1987-10-29,64.27800000000002
1987-10-30,64.23000000000002
1987-11-01,64.23000000000002
1987-11-02,64.854
1987-11-03,65.47800000000001
1987-11-04,65.91600000000001
1987-11-05,66.21000000000001
1987-11-06,67.16400000000002
1987-11-09,67.248
1987-11-10,66.75000000000001
1987-11-11,67.224
1987-11-12,67.19400000000002
1987-11-13,67.02000000000001
1987-11-16,67.49400000000001
1987-11-17,68.26200000000001
1987-11-18,67.32600000000001
1987-11-19,67.536
1987-11-20,66.82800000000002
1987-11-23,65.67600000000002
1987-11-24,67.33200000000002
1987-11-25,67.84200000000001
1987-11-26,67.84200000000001
1987-11-27,67.84200000000001
1987-11-30,68.17200000000001
1987-12-01,68.24400000000001
1987-12-02,68.13000000000001
1987-12-03,67.79400000000001
1987-12-04,68.15400000000002
1987-12-07,68.706
1987-12-08,68.92200000000003
1987-12-09,67.93200000000002
1987-12-10,68.11800000000001
1987-12-11,68.63400000000003
1987-12-14,70.44000000000001
1987-12-15,71.71800000000002
1987-12-16,73.30200000000002
1987-12-17,73.386
1987-12-18,74.292
1987-12-21,75.85200000000002
1987-12-22,72.50400000000002
1987-12-23,72.04800000000002
1987-12-24,72.34800000000001
1987-12-28,72.25200000000001
1987-12-29,70.99200000000002
1987-12-30,70.59600000000002
1987-12-31,71.37
1988-01-01,71.37
1988-01-04,69.162
1988-01-05,69.13800000000002
1988-01-06,69.74400000000001
1988-01-07,71.11800000000001
1988-01-08,71.11200000000002
1988-01-11,72.456
1988-01-12,72.02400000000002
1988-01-13,72.45600000000002
1988-01-14,70.87800000000001
1988-01-15,71.04
1988-01-18,70.00200000000001
1988-01-19,69.94200000000001
1988-01-20,69.99000000000001
1988-01-21,69.162
1988-01-22,69.906
1988-01-25,69.88200000000002
1988-01-26,70.20600000000002
1988-01-27,70.662
1988-01-28,69.804
1988-01-29,69.29400000000001
1988-02-01,69.42000000000002
1988-02-02,69.36
1988-02-03,69.26400000000001
1988-02-04,69.61800000000001
1988-02-05,69.69600000000001
1988-02-08,68.40600000000002
1988-02-09,68.94600000000001
1988-02-10,69.72600000000001
1988-02-11,69.19800000000001
1988-02-12,69.89400000000002
1988-02-15,69.89400000000002
1988-02-16,69.97200000000001
1988-02-17,69.924
1988-02-18,69.94800000000001
1988-02-19,69.59400000000001
1988-02-22,69.82200000000002
1988-02-23,69.72
1988-02-24,69.96000000000002
1988-02-25,71.53200000000001
1988-02-26,71.97000000000001
1988-02-29,72.01200000000001
1988-03-01,72.78
1988-03-02,72.63000000000002
1988-03-03,73.14600000000002
1988-03-04,72.64200000000001
1988-03-07,73.39800000000001
1988-03-08,72.666
1988-03-09,72.51
1988-03-10,71.37
1988-03-11,71.14200000000002
1988-03-14,72.44400000000002
1988-03-15,71.976
1988-03-16,71.358
1988-03-17,70.32000000000001
1988-03-18,70.58400000000002
1988-03-21,70.81200000000001
1988-03-22,72.64800000000001
1988-03-23,71.34600000000002
1988-03-24,70.644
1988-03-25,69.876
1988-03-28,69.936
1988-03-29,69.67800000000001
1988-03-30,69.44400000000002
1988-03-31,69.06000000000002
1988-04-01,69.06000000000002
1988-04-04,69.27600000000001
1988-04-05,69.75000000000001
1988-04-06,69.384
1988-04-07,68.84400000000001
1988-04-08,69.21600000000001
1988-04-11,67.224
1988-04-12,67.20000000000002
1988-04-13,67.14600000000002
1988-04-14,66.51600000000002
1988-04-15,66.882
1988-04-18,66.55200000000002
1988-04-19,68.20800000000001
1988-04-20,68.26200000000003
1988-04-21,67.62000000000002
1988-04-22,68.29200000000002
1988-04-25,67.93800000000002
1988-04-26,67.77600000000001
1988-04-27,68.01600000000002
1988-04-28,68.95200000000001
1988-04-29,68.424
1988-05-01,68.424
1988-05-02,70.02000000000001
1988-05-03,69.69
1988-05-04,69.9
1988-05-05,69.73800000000001
1988-05-06,69.12000000000002
1988-05-09,69.20400000000002
1988-05-10,69.42600000000002
1988-05-11,69.27600000000001
1988-05-12,69.03600000000002
1988-05-13,69.0
1988-05-16,68.32200000000002
1988-05-17,67.92600000000002
1988-05-18,68.87400000000001
1988-05-19,68.96400000000003
1988-05-20,69.066
1988-05-23,70.01400000000001
1988-05-24,70.00800000000001
1988-05-25,68.95800000000001
1988-05-26,68.55000000000001
1988-05-27,68.44200000000002
1988-05-30,68.44200000000002
1988-05-31,68.382
1988-06-01,67.86600000000001
1988-06-02,67.656
1988-06-03,67.674
1988-06-06,67.944
1988-06-07,67.86600000000001
1988-06-08,67.69200000000001
1988-06-09,68.01000000000002
1988-06-10,68.84400000000002
1988-06-13,69.44400000000002
1988-06-14,68.394
1988-06-15,68.84400000000002
1988-06-16,68.748
1988-06-17,69.19200000000001
1988-06-20,70.254
1988-06-21,70.72800000000001
1988-06-22,70.308
1988-06-23,70.86000000000001
1988-06-24,70.01400000000001
1988-06-27,70.31400000000001
1988-06-28,70.03200000000001
1988-06-29,71.36400000000002
1988-06-30,71.62200000000001
1988-07-01,72.33600000000001
1988-07-04,72.33600000000001
1988-07-05,72.10200000000002
1988-07-06,71.53200000000001
1988-07-07,70.90800000000002
1988-07-08,71.80200000000002
1988-07-11,73.542
1988-07-12,72.97200000000002
1988-07-13,73.62600000000002
1988-07-14,72.66000000000001
1988-07-15,72.71400000000001
1988-07-18,70.62600000000002
1988-07-19,72.54
1988-07-20,71.58000000000001
1988-07-21,70.14600000000002
1988-07-22,70.09200000000001
1988-07-25,70.25400000000002
1988-07-26,70.42800000000001
1988-07-27,70.32000000000002
1988-07-28,70.24200000000002
1988-07-29,69.54
1988-08-01,70.65
1988-08-02,71.77200000000002
1988-08-03,72.33600000000001
1988-08-04,72.36600000000001
1988-08-05,72.048
1988-08-08,71.00400000000002
1988-08-09,71.59200000000001
1988-08-10,71.49000000000001
1988-08-11,71.27400000000002
1988-08-12,71.77800000000002
1988-08-15,71.71200000000002
1988-08-16,71.82600000000001
1988-08-17,71.89200000000002
1988-08-18,71.62800000000001
1988-08-19,71.21400000000001
1988-08-22,71.4
1988-08-23,71.184
1988-08-24,71.62200000000001
1988-08-25,71.73600000000002
1988-08-26,71.76
1988-08-29,72.174
1988-08-30,72.06000000000002
1988-08-31,72.45000000000002
1988-09-01,72.99600000000001
1988-09-02,73.524
1988-09-05,73.524
1988-09-06,74.55600000000001
1988-09-07,74.52000000000001
1988-09-08,73.81800000000001
1988-09-09,74.59200000000001
1988-09-12,73.86600000000001
1988-09-13,73.488
1988-09-14,72.09000000000002
1988-09-15,73.06200000000001
1988-09-16,73.596
1988-09-19,72.894
1988-09-20,71.68800000000002
1988-09-21,71.358
1988-09-22,71.17800000000001
1988-09-23,73.81200000000001
1988-09-26,74.15400000000001
1988-09-27,73.72200000000001
1988-09-28,74.256
1988-09-29,74.694
1988-09-30,75.846
1988-10-01,75.846
1988-10-03,76.45200000000003
1988-10-04,76.578
1988-10-05,77.80200000000002
1988-10-06,77.47200000000001
1988-10-07,76.44600000000001
1988-10-10,75.40200000000002
1988-10-11,75.32400000000001
1988-10-12,74.82600000000001
1988-10-13,73.81200000000001
1988-10-14,73.152
1988-10-17,72.62400000000001
1988-10-18,73.58400000000002
1988-10-19,72.114
1988-10-20,74.406
1988-10-21,74.982
1988-10-24,77.68800000000002
1988-10-25,77.016
1988-10-26,77.08200000000002
1988-10-27,77.05200000000002
1988-10-28,76.90200000000002
1988-10-31,77.358
1988-11-01,77.754
1988-11-02,76.97400000000002
1988-11-03,76.98
1988-11-04,76.488
1988-11-07,76.41
1988-11-08,77.13000000000002
1988-11-09,77.052
1988-11-10,76.51200000000001
1988-11-11,76.55400000000002
1988-11-14,76.06800000000001
1988-11-15,76.686
1988-11-16,77.69400000000002
1988-11-17,78.24600000000001
1988-11-18,77.73600000000002
1988-11-21,77.16600000000001
1988-11-22,74.60400000000001
1988-11-23,76.86600000000001
1988-11-24,76.86600000000001
1988-11-25,73.74600000000001
1988-11-28,75.66600000000003
1988-11-29,75.162
1988-11-30,74.11200000000002
1988-12-01,73.77600000000001
1988-12-02,73.554
1988-12-05,74.20800000000001
1988-12-06,73.75800000000001
1988-12-07,73.14
1988-12-08,73.80600000000001
1988-12-09,73.134
1988-12-12,72.97200000000002
1988-12-13,73.00200000000001
1988-12-14,72.51600000000002
1988-12-15,72.33600000000001
1988-12-16,71.49600000000002
1988-12-19,72.70200000000001
1988-12-20,68.80200000000002
1988-12-21,70.20000000000002
1988-12-22,70.18200000000002
1988-12-23,72.66600000000001
1988-12-27,71.82600000000002
1988-12-28,71.63400000000001
1988-12-29,71.70600000000002
1988-12-30,71.15400000000001
1989-01-01,71.15400000000001
1989-01-03,70.75200000000001
1989-01-04,71.67000000000002
1989-01-05,70.75200000000002
1989-01-06,70.67400000000002
1989-01-09,70.34400000000002
1989-01-10,70.16400000000002
1989-01-11,68.91600000000001
1989-01-12,68.60400000000001
1989-01-13,67.75800000000001
1989-01-16,66.71400000000001
1989-01-17,66.01200000000001
1989-01-18,66.34200000000001
1989-01-19,65.68200000000002
1989-01-20,66.42600000000002
1989-01-23,69.07200000000002
1989-01-24,68.08800000000002
1989-01-25,67.86600000000001
1989-01-26,68.71800000000002
1989-01-27,68.87400000000001
1989-01-30,70.34400000000002
1989-01-31,71.05200000000002
1989-02-01,69.846
1989-02-02,69.10200000000002
1989-02-03,69.60600000000001
1989-02-06,70.03800000000001
1989-02-07,69.486
1989-02-08,69.24600000000001
1989-02-09,68.95200000000001
1989-02-10,69.25200000000001
1989-02-13,68.004
1989-02-14,67.78200000000001
1989-02-15,66.39600000000002
1989-02-16,66.33000000000001
1989-02-17,65.66400000000002
1989-02-20,65.66400000000002
1989-02-21,65.12400000000001
1989-02-22,65.54400000000001
1989-02-23,66.20400000000001
1989-02-24,67.95600000000002
1989-02-27,67.95
1989-02-28,67.632
1989-03-01,67.572
1989-03-02,67.44000000000003
1989-03-03,66.96600000000001
1989-03-06,67.54200000000002
1989-03-07,69.58200000000001
1989-03-08,68.69400000000002
1989-03-09,68.10000000000001
1989-03-10,68.352
1989-03-13,67.00200000000001
1989-03-14,66.03600000000002
1989-03-15,65.47200000000002
1989-03-16,64.90800000000002
1989-03-17,63.006000000000014
1989-03-20,65.394
1989-03-21,64.20600000000002
1989-03-22,63.77400000000001
1989-03-23,64.51200000000001
1989-03-27,63.25800000000001
1989-03-28,63.52200000000001
1989-03-29,62.33400000000002
1989-03-30,60.30600000000001
1989-03-31,63.132000000000005
1989-04-01,63.132000000000005
1989-04-03,63.64200000000001
1989-04-04,62.08800000000001
1989-04-05,62.59800000000002
1989-04-06,63.13200000000001
1989-04-07,62.634000000000015
1989-04-10,61.362000000000016
1989-04-11,61.33800000000002
1989-04-12,61.08000000000001
1989-04-13,61.524000000000015
1989-04-14,60.26400000000002
1989-04-17,59.07600000000002
1989-04-18,57.33600000000001
1989-04-19,54.492
1989-04-20,48.31800000000001
1989-04-21,52.58400000000002
1989-04-24,60.09000000000002
1989-04-25,58.17600000000001
1989-04-26,58.07400000000001
1989-04-27,59.646000000000015
1989-04-28,61.206
1989-05-01,60.07200000000002
1989-05-02,61.85400000000001
1989-05-03,60.82200000000002
1989-05-04,59.838000000000015
1989-05-05,60.72000000000001
1989-05-08,62.31
1989-05-09,62.046000000000014
1989-05-10,62.616000000000014
1989-05-11,61.2
1989-05-12,61.35600000000001
1989-05-15,60.420000000000016
1989-05-16,59.97600000000001
1989-05-17,60.76200000000002
1989-05-18,60.378000000000014
1989-05-19,59.59800000000001
1989-05-22,58.116
1989-05-23,55.986
1989-05-24,62.844000000000015
1989-05-25,63.16800000000001
1989-05-26,62.94
1989-05-29,62.94
1989-05-30,61.332000000000015
1989-05-31,61.17000000000001
1989-06-01,61.59600000000002
1989-06-02,61.00800000000002
1989-06-05,60.72000000000001
1989-06-06,60.492
1989-06-07,61.60800000000002
1989-06-08,60.804
1989-06-09,60.762000000000015
1989-06-12,61.38000000000001
1989-06-13,60.44400000000002
1989-06-14,58.254000000000005
1989-06-15,57.72600000000001
1989-06-16,59.38200000000002
1989-06-19,56.85000000000001
1989-06-20,59.766000000000005
1989-06-21,60.816
1989-06-22,61.908000000000015
1989-06-23,61.746
1989-06-26,59.994
1989-06-27,59.988000000000014
1989-06-28,60.588000000000015
1989-06-29,59.94000000000001
1989-06-30,59.838000000000015
1989-07-01,59.838000000000015
1989-07-03,59.226
1989-07-04,60.00600000000001
1989-07-05,58.44000000000001
1989-07-06,59.784
1989-07-07,58.536
1989-07-10,59.35800000000002
1989-07-11,58.45800000000001
1989-07-12,59.85600000000002
1989-07-13,59.406000000000006
1989-07-14,59.41800000000002
1989-07-17,59.49000000000001
1989-07-18,60.16200000000001
1989-07-19,61.42800000000001
1989-07-20,61.914
1989-07-21,61.75800000000001
1989-07-24,64.34400000000001
1989-07-25,65.06400000000001
1989-07-26,65.62200000000001
1989-07-27,66.09
1989-07-28,66.28200000000001
1989-07-31,65.34000000000002
1989-08-01,66.516
1989-08-02,65.65800000000002
1989-08-03,65.74800000000002
1989-08-04,66.18
1989-08-07,66.306
1989-08-08,65.64600000000002
1989-08-09,65.59800000000001
1989-08-10,64.80000000000001
1989-08-11,65.11800000000002
1989-08-14,64.69800000000001
1989-08-15,64.45200000000001
1989-08-16,64.07400000000001
1989-08-17,64.992
1989-08-18,64.542
1989-08-21,64.16400000000002
1989-08-22,64.35000000000001
1989-08-23,64.01400000000001
1989-08-24,64.40400000000001
1989-08-25,65.79
1989-08-28,65.394
1989-08-29,65.82000000000001
1989-08-30,65.54400000000001
1989-08-31,65.89800000000001
1989-09-01,65.79
1989-09-04,65.79
1989-09-05,65.44200000000002
1989-09-06,65.16600000000001
1989-09-07,64.90200000000002
1989-09-08,64.296
1989-09-11,64.00200000000001
1989-09-12,63.89400000000001
1989-09-13,63.28200000000001
1989-09-14,63.53400000000002
1989-09-15,63.306
1989-09-18,63.408000000000015
1989-09-19,63.76800000000002
1989-09-20,64.39800000000002
1989-09-21,64.788
1989-09-22,65.976
1989-09-25,65.47200000000001
1989-09-26,65.08200000000001
1989-09-27,65.61600000000001
1989-09-28,64.51800000000001
1989-09-29,64.29000000000002
1989-10-01,64.29000000000002
1989-10-02,64.85400000000001
1989-10-03,64.37400000000002
1989-10-04,64.062
1989-10-05,64.26000000000002
1989-10-06,64.566
1989-10-09,64.32600000000002
1989-10-10,64.19400000000002
1989-10-11,64.536
1989-10-12,63.816
1989-10-13,62.64
1989-10-16,63.24000000000001
1989-10-17,63.49800000000001
1989-10-18,63.50400000000002
1989-10-19,64.34400000000001
1989-10-20,65.04000000000002
1989-10-23,65.394
1989-10-24,65.43
1989-10-25,65.64600000000002
1989-10-26,65.50200000000001
1989-10-27,64.74000000000001
1989-10-30,64.89000000000001
1989-10-31,64.974
1989-11-01,64.97400000000002
1989-11-02,65.004
1989-11-03,64.34400000000001
1989-11-06,64.64400000000002
1989-11-07,64.91400000000002
1989-11-08,64.91400000000002
1989-11-09,65.25000000000001
1989-11-10,64.88400000000001
1989-11-13,65.25000000000001
1989-11-14,65.28600000000002
1989-11-15,64.83
1989-11-16,64.932
1989-11-17,65.03400000000002
1989-11-20,64.85400000000001
1989-11-21,63.726
1989-11-22,66.26400000000001
1989-11-23,66.26400000000001
1989-11-24,66.27000000000001
1989-11-27,66.63000000000002
1989-11-28,67.42200000000001
1989-11-29,67.25400000000002
1989-11-30,66.43200000000002
1989-12-01,66.06
1989-12-04,66.54000000000002
1989-12-05,66.51600000000002
1989-12-06,66.09
1989-12-07,66.54000000000002
1989-12-08,67.038
1989-12-11,66.57600000000001
1989-12-12,66.708
1989-12-13,67.23600000000002
1989-12-14,67.39200000000001
1989-12-15,68.11200000000001
1989-12-18,68.26200000000003
1989-12-19,68.52
1989-12-20,70.50000000000001
1989-12-21,72.24600000000001
1989-12-22,75.13200000000002
1989-12-26,79.67399999999999
1989-12-27,83.088
1989-12-28,80.77199999999999
1989-12-29,76.69200000000002
1990-01-01,76.69200000000002
1990-01-02,73.57200000000002
1990-01-03,71.11800000000001
1990-01-04,70.42800000000001
1990-01-05,67.542
1990-01-08,69.10200000000002
1990-01-09,64.626
1990-01-10,62.80200000000002
1990-01-11,63.06000000000003
1990-01-12,63.462
1990-01-15,63.372
1990-01-16,61.74000000000002
1990-01-17,60.510000000000005
1990-01-18,59.04600000000001
1990-01-19,56.11800000000002
1990-01-22,58.71000000000001
1990-01-23,58.30800000000001
1990-01-24,55.416000000000025
1990-01-25,52.22400000000002
1990-01-26,57.774000000000015
1990-01-29,57.504000000000005
1990-01-30,58.206
1990-01-31,56.628
1990-02-01,56.31600000000002
1990-02-02,55.872000000000014
1990-02-05,56.706
1990-02-06,56.82000000000001
1990-02-07,56.70000000000002
1990-02-08,56.98200000000001
1990-02-09,57.726
1990-02-12,57.378000000000014
1990-02-13,58.00800000000001
1990-02-14,57.876000000000005
1990-02-15,56.244000000000014
1990-02-16,56.98200000000001
1990-02-19,56.98200000000001
1990-02-20,57.72000000000001
1990-02-21,58.75200000000001
1990-02-22,60.288000000000025
1990-02-23,61.14
1990-02-26,59.47800000000002
1990-02-27,59.54400000000001
1990-02-28,59.418000000000006
1990-03-01,59.7
1990-03-02,59.778000000000006
1990-03-05,60.510000000000005
1990-03-06,61.218
1990-03-07,62.076000000000015
1990-03-08,61.836
1990-03-09,62.388000000000005
1990-03-12,62.82600000000001
1990-03-13,63.36600000000001
1990-03-14,63.732000000000006
1990-03-15,63.60000000000001
1990-03-16,64.59600000000002
1990-03-19,65.94
1990-03-20,66.97200000000002
1990-03-21,66.30600000000001
1990-03-22,64.89600000000002
1990-03-23,63.438
1990-03-26,62.46000000000001
1990-03-27,63.07200000000002
1990-03-28,64.13400000000001
1990-03-29,64.39800000000001
1990-03-30,63.762000000000015
1990-04-01,63.762000000000015
1990-04-02,63.29400000000001
1990-04-03,64.05000000000001
1990-04-04,65.022
1990-04-05,65.376
1990-04-06,67.20600000000002
1990-04-09,70.11600000000001
1990-04-10,71.59800000000001
1990-04-11,70.33800000000001
1990-04-12,72.132
1990-04-16,72.68400000000001
1990-04-17,74.058
1990-04-18,73.76400000000001
1990-04-19,70.86600000000001
1990-04-20,70.95600000000002
1990-04-23,68.352
1990-04-24,70.09800000000001
1990-04-25,71.17800000000001
1990-04-26,68.316
1990-04-27,68.274
1990-04-30,69.45000000000002
1990-05-01,68.334
1990-05-02,68.26200000000001
1990-05-03,69.41400000000002
1990-05-04,69.41400000000002
1990-05-07,68.53800000000001
1990-05-08,69.036
1990-05-09,66.53400000000002
1990-05-10,66.558
1990-05-11,66.26400000000001
1990-05-14,64.29000000000002
1990-05-15,64.626
1990-05-16,65.91000000000001
1990-05-17,66.26400000000001
1990-05-18,66.048
1990-05-21,67.23000000000002
1990-05-22,69.35400000000001
1990-05-23,72.42000000000002
1990-05-24,72.858
1990-05-25,72.474
1990-05-29,67.17000000000002
1990-05-30,67.90800000000002
1990-05-31,68.59200000000001
1990-06-01,68.09400000000001
1990-06-04,68.89200000000001
1990-06-05,70.638
1990-06-06,69.516
1990-06-07,70.04400000000001
1990-06-08,69.78
1990-06-11,69.53400000000002
1990-06-12,68.20200000000001
1990-06-13,67.78200000000001
1990-06-14,69.12600000000002
1990-06-15,70.36800000000001
1990-06-18,72.31800000000001
1990-06-19,73.09200000000001
1990-06-20,73.74600000000001
1990-06-21,71.85000000000001
1990-06-22,70.91400000000002
1990-06-25,72.09
1990-06-26,69.01200000000001
1990-06-27,69.936
1990-06-28,68.95800000000003
1990-06-29,69.18
1990-07-01,69.18
1990-07-02,69.552
1990-07-03,70.14000000000001
1990-07-04,70.14000000000001
1990-07-05,70.78800000000001
1990-07-06,70.77600000000001
1990-07-09,70.60800000000002
1990-07-10,69.558
1990-07-11,68.65200000000002
1990-07-12,66.066
1990-07-13,67.32000000000001
1990-07-16,67.302
1990-07-17,68.20200000000001
1990-07-18,67.476
1990-07-19,66.102
1990-07-20,64.23000000000002
1990-07-23,63.71400000000001
1990-07-24,64.33800000000001
1990-07-25,65.53200000000002
1990-07-26,62.74200000000002
1990-07-27,63.43800000000001
1990-07-30,62.92800000000001
1990-07-31,61.89600000000001
1990-08-01,60.390000000000015
1990-08-02,55.500000000000014
1990-08-03,56.14200000000001
1990-08-06,45.06
1990-08-07,43.96199999999999
1990-08-08,50.36999999999999
1990-08-09,51.70200000000001
1990-08-10,50.80800000000001
1990-08-13,49.83000000000001
1990-08-14,50.184000000000026
1990-08-15,50.49600000000001
1990-08-16,49.00800000000004
1990-08-17,47.400000000000034
1990-08-20,48.468
1990-08-21,49.10400000000001
1990-08-22,46.28400000000002
1990-08-23,44.93400000000001
1990-08-24,44.418000000000006
1990-08-27,54.798000000000016
1990-08-28,54.402000000000015
1990-08-29,55.69800000000004
1990-08-30,54.86400000000003
1990-08-31,53.60400000000001
1990-09-01,53.60400000000001
1990-09-03,53.352
1990-09-04,50.238
1990-09-05,48.642
1990-09-06,46.25399999999999
1990-09-07,48.70800000000001
1990-09-10,48.12600000000002
1990-09-11,48.066
1990-09-12,46.47
1990-09-13,45.756
1990-09-14,43.44
1990-09-17,39.846
1990-09-18,41.268
1990-09-19,43.176000000000016
1990-09-20,40.86599999999999
1990-09-21,37.86599999999999
1990-09-24,32.83200000000001
1990-09-25,33.69000000000001
1990-09-26,32.07600000000002
1990-09-27,30.798
1990-09-28,31.72799999999998
1990-10-01,41.13600000000001
1990-10-02,45.64200000000002
1990-10-03,40.91999999999999
1990-10-04,41.97
1990-10-05,39.816
1990-10-08,37.87799999999996
1990-10-09,33.54599999999999
1990-10-10,35.82000000000001
1990-10-11,32.609999999999985
1990-10-12,37.26599999999998
1990-10-15,40.97999999999999
1990-10-16,37.75799999999998
1990-10-17,45.084
1990-10-18,41.328
1990-10-19,47.55599999999998
1990-10-22,58.890000000000015
1990-10-23,56.940000000000026
1990-10-24,55.650000000000006
1990-10-25,47.856
1990-10-26,50.262
1990-10-29,44.43600000000001
1990-10-30,45.696
1990-10-31,43.632000000000005
1990-11-01,43.788
1990-11-02,46.70399999999999
1990-11-05,50.766000000000005
1990-11-06,50.27400000000003
1990-11-07,43.878000000000014
1990-11-08,44.16000000000001
1990-11-09,47.53800000000004
1990-11-12,51.18000000000002
1990-11-13,48.57000000000001
1990-11-14,54.04800000000003
1990-11-15,54.43800000000002
1990-11-16,56.89200000000001
1990-11-19,52.90199999999999
1990-11-20,58.03799999999998
1990-11-21,56.42399999999999
1990-11-22,56.42399999999999
1990-11-23,51.125999999999976
1990-11-26,48.84
1990-11-27,49.152
1990-11-28,48.96599999999998
1990-11-29,50.01599999999999
1990-11-30,59.004000000000005
1990-12-01,59.004000000000005
1990-12-03,60.31200000000001
1990-12-04,61.10999999999999
1990-12-05,66.048
1990-12-06,67.94999999999999
1990-12-07,66.83399999999999
1990-12-10,66.09599999999999
1990-12-11,66.36599999999999
1990-12-12,68.36999999999998
1990-12-13,64.71000000000001
1990-12-14,64.51199999999997
1990-12-17,62.75999999999999
1990-12-18,60.76199999999997
1990-12-19,60.41399999999999
1990-12-20,63.113999999999976
1990-12-21,64.45799999999998
1990-12-24,65.898
1990-12-26,64.73999999999998
1990-12-27,65.72999999999999
1990-12-28,63.252
1990-12-31,61.18199999999999
1991-01-01,61.18199999999999
1991-01-02,64.59599999999998
1991-01-03,65.88599999999998
1991-01-04,67.068
1991-01-07,63.23399999999998
1991-01-08,61.56
1991-01-09,61.10999999999999
1991-01-10,62.45999999999998
1991-01-11,63.072
1991-01-14,60.264
1991-01-15,58.04999999999998
1991-01-16,55.835999999999984
1991-01-17,74.874
1991-01-18,79.374
1991-01-21,64.764
1991-01-22,56.89799999999998
1991-01-23,59.13600000000001
1991-01-24,53.73
1991-01-25,57.876000000000005
1991-01-28,64.54799999999999
1991-01-29,63.24599999999998
1991-01-30,64.986
1991-01-31,62.56800000000001
1991-02-01,63.312
1991-02-04,60.126000000000005
1991-02-05,63.522000000000006
1991-02-06,62.778000000000006
1991-02-07,63.102
1991-02-08,62.298
1991-02-11,58.932
1991-02-12,58.08000000000001
1991-02-13,57.516000000000005
1991-02-14,56.47800000000001
1991-02-15,59.44200000000001
1991-02-18,57.09
1991-02-19,58.116000000000014
1991-02-20,59.202000000000005
1991-02-21,62.58000000000001
1991-02-22,65.142
1991-02-25,63.84
1991-02-26,61.446
1991-02-27,59.964
1991-02-28,59.214
1991-03-01,56.874
1991-03-04,51.864
1991-03-05,51.984
1991-03-06,53.892
1991-03-07,55.116
1991-03-08,54.288
1991-03-11,56.274
1991-03-12,53.724
1991-03-13,52.632000000000005
1991-03-14,53.922
1991-03-15,53.718
1991-03-18,54.14399999999999
1991-03-19,52.326
1991-03-20,52.956
1991-03-21,51.77399999999999
1991-03-22,53.71799999999999
1991-03-25,54.36
1991-03-26,52.92599999999999
1991-03-27,53.58
1991-03-28,53.16599999999998
1991-04-01,54.17400000000001
1991-04-02,54.504000000000005
1991-04-03,53.406000000000006
1991-04-04,52.494000000000014
1991-04-05,52.218
1991-04-08,52.266000000000005
1991-04-09,51.45000000000002
1991-04-10,50.16000000000001
1991-04-11,50.20800000000001
1991-04-12,48.696
1991-04-15,48.35399999999999
1991-04-16,48.26399999999998
1991-04-17,48.126000000000005
1991-04-18,49.824
1991-04-19,49.794
1991-04-22,50.46000000000001
1991-04-23,52.28399999999999
1991-04-24,52.206
1991-04-25,52.10400000000001
1991-04-26,51.03
1991-04-29,51.97800000000001
1991-04-30,52.36200000000001
1991-05-01,51.408
1991-05-02,51.61200000000001
1991-05-03,51.25200000000001
1991-05-06,51.402000000000015
1991-05-07,51.432000000000016
1991-05-08,51.10200000000002
1991-05-09,51.0
1991-05-10,52.59
1991-05-13,54.132000000000005
1991-05-14,54.696
1991-05-15,54.10200000000001
1991-05-16,54.57600000000001
1991-05-17,53.81999999999999
1991-05-20,53.934
1991-05-21,55.29600000000001
1991-05-22,55.68
1991-05-23,55.42200000000001
1991-05-24,54.9
1991-05-27,55.82399999999999
1991-05-28,55.008
1991-05-29,55.86599999999999
1991-05-30,55.63199999999998
1991-05-31,56.13599999999998
1991-06-01,56.13599999999998
1991-06-03,55.58999999999999
1991-06-04,55.99199999999998
1991-06-05,56.79599999999999
1991-06-06,56.963999999999984
1991-06-07,57.095999999999975
1991-06-10,57.61800000000001
1991-06-11,57.75600000000001
1991-06-12,57.57000000000001
1991-06-13,58.386
1991-06-14,58.542
1991-06-17,57.018
1991-06-18,56.514
1991-06-19,57.0
1991-06-20,56.562
1991-06-21,56.92199999999999
1991-06-24,56.244
1991-06-25,55.74600000000001
1991-06-26,55.60200000000002
1991-06-27,55.026
1991-06-28,54.95400000000002
1991-07-01,53.58
1991-07-02,53.412000000000006
1991-07-03,53.976
1991-07-04,53.976
1991-07-05,53.568
1991-07-08,52.21800000000001
1991-07-09,51.996
1991-07-10,52.21800000000002
1991-07-11,52.464000000000006
1991-07-12,52.04400000000001
1991-07-15,52.05
1991-07-16,51.408
1991-07-17,50.286
1991-07-18,50.598
1991-07-19,50.112
1991-07-22,50.994
1991-07-23,51.87599999999999
1991-07-24,51.56399999999998
1991-07-25,52.58999999999999
1991-07-26,51.69
1991-07-29,52.032
1991-07-30,51.68999999999998
1991-07-31,51.786
1991-08-01,52.392
1991-08-02,52.37399999999998
1991-08-05,52.72200000000001
1991-08-06,52.38
1991-08-07,52.494
1991-08-08,52.21199999999999
1991-08-09,52.176
1991-08-12,53.14200000000002
1991-08-13,53.628000000000014
1991-08-14,54.162000000000006
1991-08-15,54.31200000000001
1991-08-16,54.65400000000002
1991-08-19,53.79600000000001
1991-08-20,55.06800000000001
1991-08-21,55.632000000000005
1991-08-22,54.33000000000001
1991-08-23,54.738
1991-08-26,54.34800000000001
1991-08-27,54.58200000000001
1991-08-28,54.93600000000001
1991-08-29,54.60600000000001
1991-08-30,54.456
1991-09-01,54.456
1991-09-02,54.708
1991-09-03,54.58200000000001
1991-09-04,55.260000000000005
1991-09-05,55.248000000000005
1991-09-06,55.73400000000001
1991-09-09,55.74600000000001
1991-09-10,54.792
1991-09-11,54.426
1991-09-12,54.70800000000001
1991-09-13,54.402000000000015
1991-09-16,53.298000000000016
1991-09-17,53.250000000000014
1991-09-18,53.12400000000001
1991-09-19,53.406000000000006
1991-09-20,53.05200000000001
1991-09-23,51.92400000000001
1991-09-24,51.636
1991-09-25,52.068
1991-09-26,51.666
1991-09-27,51.306
1991-09-30,51.522000000000006
1991-10-01,51.678
1991-10-02,51.12600000000002
1991-10-03,50.59200000000001
1991-10-04,50.688
1991-10-07,49.89
1991-10-08,49.884
1991-10-09,49.78200000000001
1991-10-10,50.082
1991-10-11,49.58399999999999
1991-10-14,48.96600000000001
1991-10-15,47.736
1991-10-16,48.102
1991-10-17,47.652000000000015
1991-10-18,47.34000000000002
1991-10-21,48.114
1991-10-22,49.71000000000001
1991-10-23,50.07000000000001
1991-10-24,49.62600000000002
1991-10-25,50.11800000000002
1991-10-28,50.232
1991-10-29,50.682
1991-10-30,50.538
1991-10-31,50.082
1991-11-01,48.90599999999998
1991-11-04,49.49999999999999
1991-11-05,49.74599999999998
1991-11-06,50.34599999999999
1991-11-07,50.50199999999998
1991-11-08,51.11999999999999
1991-11-11,52.14
1991-11-12,52.08600000000003
1991-11-13,52.608
1991-11-14,51.63000000000001
1991-11-15,51.75
1991-11-18,52.182
1991-11-19,53.304
1991-11-20,52.224
1991-11-21,52.94400000000002
1991-11-22,52.55399999999999
1991-11-25,51.52800000000002
1991-11-26,54.438
1991-11-27,53.544
1991-11-28,53.544
1991-11-29,53.328
1991-12-01,53.328
1991-12-02,54.00599999999999
1991-12-03,54.55200000000001
1991-12-04,54.636
1991-12-05,55.164
1991-12-06,55.848
1991-12-09,55.43999999999998
1991-12-10,55.806
1991-12-11,55.284
1991-12-12,54.37799999999999
1991-12-13,54.264
1991-12-16,54.018
1991-12-17,54.462
1991-12-18,54.05399999999999
1991-12-19,54.444
1991-12-20,55.99799999999999
1991-12-23,54.30000000000001
1991-12-24,54.126
1991-12-26,53.43599999999999
1991-12-27,52.95
1991-12-30,51.756
1991-12-31,50.70000000000001
1992-01-01,50.70000000000001
1992-01-02,50.574000000000005
1992-01-03,51.498000000000005
1992-01-06,50.43000000000001
1992-01-07,51.57000000000001
1992-01-08,53.292000000000016
1992-01-09,53.89200000000001
1992-01-10,53.622
1992-01-13,52.30199999999999
1992-01-14,52.48800000000001
1992-01-15,51.912000000000006
1992-01-16,51.91799999999999
1992-01-17,51.57600000000001
1992-01-20,51.054
1992-01-21,51.81
1992-01-22,50.86800000000001
1992-01-23,52.086
1992-01-24,51.648
1992-01-27,49.55400000000001
1992-01-28,49.74600000000001
1992-01-29,50.172
1992-01-30,49.284000000000006
1992-01-31,49.764
1992-02-01,49.764
1992-02-03,49.01400000000001
1992-02-04,48.732
1992-02-05,48.096
1992-02-06,48.24000000000001
1992-02-07,47.36999999999999
1992-02-10,48.86999999999999
1992-02-11,49.39800000000001
1992-02-12,49.52400000000001
1992-02-13,48.462
1992-02-14,48.79799999999999
1992-02-17,49.38599999999998
1992-02-18,51.88199999999999
1992-02-19,51.67199999999998
1992-02-20,51.329999999999984
1992-02-21,51.04799999999998
1992-02-24,51.528000000000006
1992-02-25,51.612
1992-02-26,50.94
1992-02-27,50.07599999999999
1992-02-28,50.484
1992-03-01,50.484
1992-03-02,50.844
1992-03-03,50.33399999999999
1992-03-04,50.77799999999999
1992-03-05,50.94
1992-03-06,50.922
1992-03-09,50.60399999999999
1992-03-10,51.02999999999999
1992-03-11,51.05399999999999
1992-03-12,50.39399999999999
1992-03-13,50.03999999999998
1992-03-16,49.86000000000001
1992-03-17,49.836
1992-03-18,50.118
1992-03-19,49.878
1992-03-20,50.928
1992-03-23,51.08399999999999
1992-03-24,50.466
1992-03-25,50.478
1992-03-26,49.506
1992-03-27,49.61399999999999
1992-03-30,49.64399999999998
1992-03-31,49.25999999999999
1992-04-01,48.76799999999998
1992-04-02,48.98999999999999
1992-04-03,48.19799999999998
1992-04-06,48.71999999999999
1992-04-07,49.04399999999999
1992-04-08,48.03599999999999
1992-04-09,48.67200000000001
1992-04-10,48.56399999999999
1992-04-13,51.0
1992-04-14,52.122
1992-04-15,51.972
1992-04-16,51.30599999999998
1992-04-20,52.032
1992-04-21,52.51199999999999
1992-04-22,52.716
1992-04-23,52.452
1992-04-24,51.90599999999999
1992-04-27,52.34400000000001
1992-04-28,52.61400000000001
1992-04-29,51.636
1992-04-30,51.684
1992-05-01,51.474
1992-05-04,52.53
1992-05-05,53.286
1992-05-06,53.25600000000001
1992-05-07,53.562
1992-05-08,53.20199999999999
1992-05-11,54.036
1992-05-12,54.030000000000015
1992-05-13,54.384000000000015
1992-05-14,54.786000000000016
1992-05-15,54.366000000000014
1992-05-18,56.31600000000001
1992-05-19,57.156000000000006
1992-05-20,56.45400000000001
1992-05-21,55.02000000000002
1992-05-22,55.14600000000001
1992-05-25,55.314000000000014
1992-05-26,53.628000000000014
1992-05-27,52.81800000000001
1992-05-28,53.20200000000001
1992-05-29,53.05800000000001
1992-06-01,53.868
1992-06-02,53.688
1992-06-03,52.938
1992-06-04,52.74
1992-06-05,52.80000000000001
1992-06-08,54.468
1992-06-09,54.606
1992-06-10,54.20400000000001
1992-06-11,54.432
1992-06-12,54.708
1992-06-15,55.122
1992-06-16,55.362
1992-06-17,55.362
1992-06-18,55.614
1992-06-19,55.908
1992-06-22,55.39800000000001
1992-06-23,54.756
1992-06-24,54.432
1992-06-25,55.03800000000001
1992-06-26,55.63199999999999
1992-06-29,55.620000000000005
1992-06-30,56.238000000000014
1992-07-01,56.10000000000002
1992-07-02,55.896000000000015
1992-07-03,55.896000000000015
1992-07-06,55.896
1992-07-07,56.42999999999999
1992-07-08,56.862
1992-07-09,56.946
1992-07-10,57.336
1992-07-13,56.61
1992-07-14,56.32199999999999
1992-07-15,55.602
1992-07-16,55.35
1992-07-17,55.986
1992-07-20,55.03199999999998
1992-07-21,54.55799999999999
1992-07-22,54.654
1992-07-23,54.63
1992-07-24,55.404
1992-07-27,54.69
1992-07-28,54.53399999999999
1992-07-29,54.432
1992-07-30,54.618
1992-07-31,54.63
1992-08-01,54.63
1992-08-03,54.64799999999997
1992-08-04,55.25399999999999
1992-08-05,55.48799999999999
1992-08-06,55.17599999999999
1992-08-07,55.21799999999999
1992-08-10,55.16399999999999
1992-08-11,55.06199999999998
1992-08-12,54.92399999999999
1992-08-13,54.64199999999998
1992-08-14,54.88799999999999
1992-08-17,54.07200000000002
1992-08-18,53.610000000000014
1992-08-19,54.030000000000015
1992-08-20,53.904000000000025
1992-08-21,54.282
1992-08-24,53.60399999999999
1992-08-25,53.80799999999998
1992-08-26,54.92999999999999
1992-08-27,55.27199999999999
1992-08-28,55.338
1992-08-31,55.06800000000001
1992-09-01,54.456
1992-09-02,54.45600000000002
1992-09-03,54.336
1992-09-04,54.18000000000001
1992-09-07,54.18000000000001
1992-09-08,53.886
1992-09-09,53.91
1992-09-10,54.24600000000001
1992-09-11,54.288
1992-09-14,53.868
1992-09-15,54.06600000000002
1992-09-16,53.53800000000001
1992-09-17,53.80800000000002
1992-09-18,54.366000000000014
1992-09-21,54.55799999999999
1992-09-22,55.073999999999984
1992-09-23,55.61999999999999
1992-09-24,55.99799999999999
1992-09-25,56.00999999999999
1992-09-28,54.94800000000001
1992-09-29,55.30800000000001
1992-09-30,54.798000000000016
1992-10-01,54.88200000000002
1992-10-02,54.58200000000002
1992-10-05,54.756
1992-10-06,54.48599999999999
1992-10-07,54.49199999999999
1992-10-08,54.48599999999999
1992-10-09,54.48599999999999
1992-10-12,54.16199999999999
1992-10-13,54.222
1992-10-14,54.27
1992-10-15,53.80800000000001
1992-10-16,53.778000000000006
1992-10-19,53.91600000000001
1992-10-20,54.438
1992-10-21,55.06200000000001
1992-10-22,55.578
1992-10-23,55.908
1992-10-26,55.776
1992-10-27,56.106
1992-10-28,55.518
1992-10-29,56.058
1992-10-30,55.89600000000001
1992-11-01,55.89600000000001
1992-11-02,56.42400000000001
1992-11-03,56.64000000000001
1992-11-04,57.030000000000015
1992-11-05,56.412000000000006
1992-11-06,56.82000000000002
1992-11-09,56.08800000000001
1992-11-10,56.232000000000006
1992-11-11,56.68200000000001
1992-11-12,57.282
1992-11-13,57.690000000000005
1992-11-16,56.57400000000001
1992-11-17,56.72400000000001
1992-11-18,55.92000000000001
1992-11-19,55.428000000000026
1992-11-20,55.776000000000025
1992-11-23,55.80600000000001
1992-11-24,55.99200000000002
1992-11-25,55.76400000000002
1992-11-26,55.76400000000002
1992-11-27,55.76400000000002
1992-11-30,55.77000000000001
1992-12-01,56.526000000000025
1992-12-02,56.94000000000001
1992-12-03,57.21000000000002
1992-12-04,57.60000000000002
1992-12-07,56.94
1992-12-08,57.79199999999999
1992-12-09,57.366
1992-12-10,56.838
1992-12-11,56.84400000000001
1992-12-14,55.75800000000002
1992-12-15,56.034000000000006
1992-12-16,55.182
1992-12-17,54.65400000000002
1992-12-18,54.34800000000001
1992-12-21,53.89200000000001
1992-12-22,54.198000000000015
1992-12-23,54.540000000000006
1992-12-24,54.540000000000006
1992-12-28,54.29999999999998
1992-12-29,54.53999999999999
1992-12-30,54.63599999999998
1992-12-31,54.846
1993-01-01,54.846
1993-01-04,55.09199999999999
1993-01-05,54.74999999999999
1993-01-06,54.714
1993-01-07,54.66599999999998
1993-01-08,54.72599999999999
1993-01-11,55.21200000000002
1993-01-12,56.544
1993-01-13,55.602
1993-01-14,55.338000000000015
1993-01-15,54.92400000000001
1993-01-18,54.39599999999999
1993-01-19,55.722
1993-01-20,55.536
1993-01-21,54.66599999999999
1993-01-22,54.87599999999999
1993-01-25,52.89599999999999
1993-01-26,52.835999999999984
1993-01-27,52.48799999999999
1993-01-28,51.12599999999999
1993-01-29,51.20399999999999
1993-02-01,51.22199999999999
1993-02-02,51.80399999999999
1993-02-03,51.80399999999999
1993-02-04,51.31199999999999
1993-02-05,51.45599999999999
1993-02-08,52.602
1993-02-09,52.452
1993-02-10,52.17
1993-02-11,51.9
1993-02-12,52.46999999999999
1993-02-15,51.71399999999999
1993-02-16,52.614
1993-02-17,53.274
1993-02-18,52.812
1993-02-19,52.356
1993-02-22,51.18599999999999
1993-02-23,50.33399999999999
1993-02-24,51.04799999999999
1993-02-25,50.628
1993-02-26,50.54999999999998
1993-03-01,49.986
1993-03-02,50.196
1993-03-03,50.424
1993-03-04,49.494
1993-03-05,49.8
1993-03-08,50.58600000000001
1993-03-09,50.514
1993-03-10,51.17400000000001
1993-03-11,51.738000000000014
1993-03-12,51.378
1993-03-15,52.566
1993-03-16,53.154
1993-03-17,52.854
1993-03-18,52.698
1993-03-19,53.41799999999999
1993-03-22,54.378
1993-03-23,53.58600000000001
1993-03-24,53.49000000000001
1993-03-25,53.040000000000006
1993-03-26,51.804
1993-03-29,51.91799999999999
1993-03-30,51.414
1993-03-31,50.904
1993-04-01,50.898
1993-04-02,50.88599999999998
1993-04-05,51.92400000000001
1993-04-06,52.158000000000015
1993-04-07,52.35
1993-04-08,52.40400000000001
1993-04-12,52.908
1993-04-13,53.106
1993-04-14,52.848
1993-04-15,53.274
1993-04-16,53.55
1993-04-19,53.76599999999999
1993-04-20,53.544
1993-04-21,53.598
1993-04-22,53.98800000000001
1993-04-23,53.98799999999999
1993-04-26,54.83400000000002
1993-04-27,53.526
1993-04-28,53.526
1993-04-29,52.68600000000001
1993-04-30,52.830000000000005
1993-05-01,52.830000000000005
1993-05-03,52.75200000000001
1993-05-04,53.16600000000002
1993-05-05,53.112
1993-05-06,52.98
1993-05-07,53.28600000000001
1993-05-10,54.44999999999999
1993-05-11,54.36
1993-05-12,54.67799999999998
1993-05-13,55.30199999999999
1993-05-14,55.96199999999999
1993-05-17,56.88600000000001
1993-05-18,57.37200000000001
1993-05-19,58.00800000000002
1993-05-20,57.11400000000002
1993-05-21,56.868
1993-05-24,57.16800000000001
1993-05-25,56.292000000000016
1993-05-26,55.78200000000001
1993-05-27,55.56
1993-05-28,55.716000000000015
1993-05-31,55.8
1993-06-01,55.44600000000001
1993-06-02,55.518
1993-06-03,56.274
1993-06-04,56.214000000000006
1993-06-07,56.23800000000001
1993-06-08,55.96200000000001
1993-06-09,56.14200000000001
1993-06-10,57.018
1993-06-11,57.816
1993-06-14,57.582
1993-06-15,58.31399999999999
1993-06-16,57.672
1993-06-17,58.098
1993-06-18,58.194
1993-06-21,57.846
1993-06-22,58.686
1993-06-23,58.458
1993-06-24,58.614
1993-06-25,57.20400000000001
1993-06-28,56.688
1993-06-29,56.43000000000001
1993-06-30,56.940000000000005
1993-07-01,57.701999999999984
1993-07-02,59.064
1993-07-05,58.812000000000005
1993-07-06,57.732000000000006
1993-07-07,58.08600000000001
1993-07-08,58.51800000000001
1993-07-09,58.422
1993-07-12,57.444
1993-07-13,57.52799999999999
1993-07-14,58.92600000000001
1993-07-15,58.278000000000006
1993-07-16,59.220000000000006
1993-07-19,58.302
1993-07-20,59.49000000000001
1993-07-21,58.41599999999999
1993-07-22,58.12799999999999
1993-07-23,58.038
1993-07-26,56.29799999999999
1993-07-27,55.54799999999999
1993-07-28,56.214
1993-07-29,56.39399999999999
1993-07-30,56.72399999999999
1993-08-01,56.72399999999999
1993-08-02,56.466
1993-08-03,56.52600000000001
1993-08-04,56.496
1993-08-05,56.916
1993-08-06,57.38399999999999
1993-08-09,56.58600000000001
1993-08-10,56.50200000000001
1993-08-11,56.346
1993-08-12,56.022000000000006
1993-08-13,56.50200000000001
1993-08-16,57.02399999999999
1993-08-17,56.862
1993-08-18,57.503999999999984
1993-08-19,57.66599999999998
1993-08-20,56.44199999999999
1993-08-23,56.207999999999984
1993-08-24,56.202
1993-08-25,55.74
1993-08-26,55.974
1993-08-27,55.26
1993-08-30,55.61999999999999
1993-08-31,56.538
1993-09-01,57.288
1993-09-02,57.26400000000001
1993-09-03,57.888000000000005
1993-09-06,57.3
1993-09-07,58.24199999999999
1993-09-08,58.66199999999999
1993-09-09,58.87799999999999
1993-09-10,59.567999999999984
1993-09-13,58.554
1993-09-14,58.67399999999999
1993-09-15,59.06999999999999
1993-09-16,58.944
1993-09-17,58.36199999999999
1993-09-20,56.916
1993-09-21,55.764
1993-09-22,57.19800000000001
1993-09-23,57.396
1993-09-24,57.312
1993-09-27,57.43799999999999
1993-09-28,56.124
1993-09-29,54.816
1993-09-30,55.30799999999999
1993-10-01,55.53599999999999
1993-10-04,59.71200000000001
1993-10-05,59.454000000000015
1993-10-06,59.580000000000005
1993-10-07,59.400000000000006
1993-10-08,59.364
1993-10-11,58.67400000000001
1993-10-12,58.644000000000005
1993-10-13,58.71
1993-10-14,59.11800000000001
1993-10-15,59.56200000000001
1993-10-18,59.85
1993-10-19,60.12
1993-10-20,59.74199999999999
1993-10-21,59.61
1993-10-22,60.438
1993-10-25,61.488000000000014
1993-10-26,60.75
1993-10-27,60.63000000000001
1993-10-28,61.542
1993-10-29,62.19600000000001
1993-11-01,60.64800000000001
1993-11-02,61.47000000000001
1993-11-03,60.31800000000001
1993-11-04,60.462
1993-11-05,60.99600000000002
1993-11-08,61.14599999999999
1993-11-09,61.04399999999999
1993-11-10,61.596
1993-11-11,60.94799999999999
1993-11-12,61.434
1993-11-15,60.20400000000001
1993-11-16,60.306
1993-11-17,59.724
1993-11-18,60.744
1993-11-19,60.978
1993-11-22,60.15599999999999
1993-11-23,60.492
1993-11-24,62.51400000000001
1993-11-25,62.51400000000001
1993-11-26,63.11400000000001
1993-11-29,61.87199999999999
1993-11-30,61.56599999999999
1993-12-01,61.29599999999999
1993-12-02,62.268
1993-12-03,61.968
1993-12-06,61.458000000000006
1993-12-07,61.57800000000001
1993-12-08,61.002
1993-12-09,60.92399999999999
1993-12-10,60.13200000000001
1993-12-13,59.61
1993-12-14,59.7
1993-12-15,60.276
1993-12-16,61.194
1993-12-17,61.632000000000005
1993-12-20,59.67
1993-12-21,59.18399999999999
1993-12-22,58.524
1993-12-23,59.03999999999999
1993-12-24,59.03999999999999
1993-12-27,60.21
1993-12-28,59.94
1993-12-29,59.42400000000001
1993-12-30,59.95199999999999
1993-12-31,59.95199999999999
1994-01-01,59.95199999999999
1994-01-03,58.75200000000001
1994-01-04,58.71
1994-01-05,57.50399999999999
1994-01-06,57.408
1994-01-07,57.708000000000006
1994-01-10,59.496
1994-01-11,59.47800000000001
1994-01-12,61.164
1994-01-13,60.858
1994-01-14,61.07399999999999
1994-01-17,61.14599999999999
1994-01-18,60.28199999999999
1994-01-19,59.62799999999999
1994-01-20,59.43599999999999
1994-01-21,59.81999999999999
1994-01-24,59.562
1994-01-25,59.514
1994-01-26,59.634
1994-01-27,60.03
1994-01-28,60.14999999999999
1994-01-31,61.464
1994-02-01,60.54599999999998
1994-02-02,61.188
1994-02-03,62.003999999999984
1994-02-04,62.22599999999999
1994-02-07,63.143999999999984
1994-02-08,64.764
1994-02-09,66.246
1994-02-10,66.69
1994-02-11,66.834
1994-02-14,66.96
1994-02-15,65.38199999999999
1994-02-16,65.094
1994-02-17,62.934
1994-02-18,63.168
1994-02-21,62.57999999999998
1994-02-22,62.95799999999999
1994-02-23,63.38399999999998
1994-02-24,62.55599999999999
1994-02-25,63.91199999999999
1994-02-28,62.508
1994-03-01,62.25600000000001
1994-03-02,61.90199999999999
1994-03-03,61.914
1994-03-04,62.172
1994-03-07,63.21
1994-03-08,62.99399999999999
1994-03-09,62.77199999999999
1994-03-10,62.55599999999999
1994-03-11,61.59
1994-03-14,60.68399999999998
1994-03-15,59.99399999999998
1994-03-16,59.36399999999998
1994-03-17,60.04799999999998
1994-03-18,59.98199999999999
1994-03-21,59.142
1994-03-22,59.88
1994-03-23,60.30599999999999
1994-03-24,59.49599999999999
1994-03-25,60.102
1994-03-28,62.466
1994-03-29,61.812
1994-03-30,62.34599999999999
1994-03-31,60.996
1994-04-01,60.996
1994-04-04,59.12399999999999
1994-04-05,58.78799999999999
1994-04-06,58.15199999999999
1994-04-07,58.188
1994-04-08,57.91199999999999
1994-04-11,58.68000000000001
1994-04-12,58.872
1994-04-13,58.254
1994-04-14,57.870000000000005
1994-04-15,57.024000000000015
1994-04-18,57.13799999999999
1994-04-19,57.30599999999999
1994-04-20,56.688
1994-04-21,54.042
1994-04-22,53.496
1994-04-25,54.53999999999998
1994-04-26,56.59799999999999
1994-04-27,56.958
1994-04-28,56.92799999999999
1994-04-29,56.12999999999998
1994-05-01,56.12999999999998
1994-05-02,55.812000000000005
1994-05-03,56.352
1994-05-04,56.466
1994-05-05,55.428
1994-05-06,54.384
1994-05-09,55.03200000000001
1994-05-10,55.038
1994-05-11,54.462
1994-05-12,53.298
1994-05-13,53.55000000000001
1994-05-16,53.97
1994-05-17,54.774
1994-05-18,53.754000000000005
1994-05-19,52.386
1994-05-20,51.234
1994-05-23,52.164
1994-05-24,52.99200000000001
1994-05-25,54.66000000000001
1994-05-26,54.95400000000001
1994-05-27,54.426
1994-05-30,54.93000000000001
1994-05-31,54.636
1994-06-01,54.45600000000001
1994-06-02,54.28200000000001
1994-06-03,54.61800000000001
1994-06-06,55.152
1994-06-07,55.56599999999999
1994-06-08,54.234
1994-06-09,53.23199999999999
1994-06-10,53.75999999999999
1994-06-13,53.748
1994-06-14,53.55599999999998
1994-06-15,52.17599999999999
1994-06-16,51.89399999999999
1994-06-17,49.854
1994-06-20,50.22599999999999
1994-06-21,51.60600000000001
1994-06-22,52.866
1994-06-23,53.832
1994-06-24,54.006
1994-06-27,55.974
1994-06-28,55.56
1994-06-29,56.394
1994-06-30,55.122
1994-07-01,54.714
1994-07-04,54.88199999999999
1994-07-05,54.372
1994-07-06,54.82799999999999
1994-07-07,54.858
1994-07-08,54.120000000000005
1994-07-11,52.848
1994-07-12,52.41
1994-07-13,53.148
1994-07-14,53.154
1994-07-15,53.688
1994-07-18,55.34400000000001
1994-07-19,55.35000000000001
1994-07-20,56.454000000000015
1994-07-21,56.112
1994-07-22,55.554000000000016
1994-07-25,56.316
1994-07-26,56.83800000000001
1994-07-27,56.364
1994-07-28,55.42800000000001
1994-07-29,55.02000000000001
1994-08-01,55.692
1994-08-02,56.56199999999998
1994-08-03,56.748000000000005
1994-08-04,56.25599999999999
1994-08-05,57.30599999999998
1994-08-08,59.748000000000005
1994-08-09,60.192
1994-08-10,61.224
1994-08-11,61.884
1994-08-12,63.282
1994-08-15,63.25800000000001
1994-08-16,64.848
1994-08-17,64.116
1994-08-18,64.74600000000001
1994-08-19,64.962
1994-08-22,67.074
1994-08-23,66.62400000000001
1994-08-24,65.65199999999999
1994-08-25,65.97
1994-08-26,66.726
1994-08-29,65.328
1994-08-30,65.82
1994-08-31,65.43
1994-09-01,65.778
1994-09-02,65.79599999999999
1994-09-05,65.376
1994-09-06,65.07600000000001
1994-09-07,64.33200000000001
1994-09-08,64.782
1994-09-09,64.92599999999999
1994-09-12,64.67399999999999
1994-09-13,65.33999999999999
1994-09-14,65.718
1994-09-15,65.592
1994-09-16,65.358
1994-09-19,63.99599999999999
1994-09-20,63.738
1994-09-21,64.11
1994-09-22,62.718
1994-09-23,62.38799999999999
1994-09-26,61.41
1994-09-27,62.010000000000005
1994-09-28,61.716
1994-09-29,61.40999999999999
1994-09-30,60.58800000000001
1994-10-01,60.58800000000001
1994-10-03,60.138000000000005
1994-10-04,60.372000000000014
1994-10-05,60.46200000000002
1994-10-06,59.89800000000001
1994-10-07,59.85000000000001
1994-10-10,60.012000000000015
1994-10-11,60.26400000000001
1994-10-12,61.38000000000001
1994-10-13,61.932
1994-10-14,62.040000000000006
1994-10-17,61.18800000000002
1994-10-18,60.792000000000016
1994-10-19,60.69000000000002
1994-10-20,61.068000000000005
1994-10-21,61.38600000000001
1994-10-24,61.11
1994-10-25,60.522
1994-10-26,59.622
1994-10-27,59.1
1994-10-28,58.818
1994-10-31,60.13799999999999
1994-11-01,59.268
1994-11-02,58.674
1994-11-03,58.632000000000005
1994-11-04,59.094
1994-11-07,60.19199999999999
1994-11-08,60.078
1994-11-09,60.93599999999999
1994-11-10,61.002
1994-11-11,61.12199999999999
1994-11-14,62.17800000000001
1994-11-15,61.83600000000001
1994-11-16,62.016000000000005
1994-11-17,61.476
1994-11-18,61.872000000000014
1994-11-21,61.446000000000005
1994-11-22,60.888000000000005
1994-11-23,60.50999999999999
1994-11-24,60.50999999999999
1994-11-25,60.50999999999999
1994-11-28,57.75600000000001
1994-11-29,57.68400000000001
1994-11-30,57.12000000000002
1994-12-01,57.738
1994-12-02,59.16600000000001
1994-12-05,58.98
1994-12-06,58.998
1994-12-07,59.41799999999999
1994-12-08,59.29199999999999
1994-12-09,59.562
1994-12-12,59.154
1994-12-13,59.14200000000001
1994-12-14,59.328
1994-12-15,60.072
1994-12-16,59.14200000000001
1994-12-19,57.966
1994-12-20,57.756
1994-12-21,57.486
1994-12-22,57.288
1994-12-23,56.508
1994-12-26,55.49999999999999
1994-12-27,55.386
1994-12-28,55.476
1994-12-29,55.87799999999999
1994-12-30,55.97399999999999
1995-01-01,55.97399999999999
1995-01-02,57.56999999999999
1995-01-03,57.98400000000001
1995-01-04,57.402
1995-01-05,56.928
1995-01-06,56.928
1995-01-09,57.924000000000014
1995-01-10,57.486
1995-01-11,56.81400000000002
1995-01-12,56.670000000000016
1995-01-13,56.766000000000005
1995-01-16,55.27799999999999
1995-01-17,54.336
1995-01-18,53.586
1995-01-19,53.352
1995-01-20,53.98799999999999
1995-01-23,55.224
1995-01-24,54.156000000000006
1995-01-25,52.992
1995-01-26,54.67800000000001
1995-01-27,55.518000000000015
1995-01-30,54.852
1995-01-31,53.84400000000001
1995-02-01,54.138000000000005
1995-02-02,54.294
1995-02-03,53.91
1995-02-06,54.09
1995-02-07,54.414
1995-02-08,54.246
1995-02-09,54.318
1995-02-10,54.042
1995-02-13,53.826
1995-02-14,53.586
1995-02-15,53.106
1995-02-16,52.554
1995-02-17,51.96
1995-02-20,51.456
1995-02-21,51.61200000000001
1995-02-22,51.88200000000002
1995-02-23,52.38000000000001
1995-02-24,52.134000000000015
1995-02-27,52.77600000000001
1995-02-28,53.05200000000001
1995-03-01,53.47200000000002
1995-03-02,53.20200000000002
1995-03-03,52.89
1995-03-06,53.016000000000005
1995-03-07,52.506000000000014
1995-03-08,53.124
1995-03-09,54.126000000000005
1995-03-10,54.39
1995-03-13,53.11800000000001
1995-03-14,53.484000000000016
1995-03-15,53.11800000000001
1995-03-16,52.98000000000001
1995-03-17,53.04600000000001
1995-03-20,51.90599999999999
1995-03-21,52.32599999999998
1995-03-22,51.46199999999999
1995-03-23,51.432
1995-03-24,51.858
1995-03-27,51.834
1995-03-28,52.05600000000001
1995-03-29,51.276
1995-03-30,51.48
1995-03-31,51.40800000000001
1995-04-01,51.40800000000001
1995-04-03,53.09999999999998
1995-04-04,53.00399999999999
1995-04-05,51.70799999999999
1995-04-06,51.82799999999999
1995-04-07,52.03799999999998
1995-04-10,53.562
1995-04-11,53.292
1995-04-12,54.06
1995-04-13,54.786
1995-04-17,54.798
1995-04-18,53.86200000000001
1995-04-19,52.91400000000001
1995-04-20,52.638000000000005
1995-04-21,53.02800000000001
1995-04-24,55.65599999999999
1995-04-25,55.41000000000001
1995-04-26,55.674
1995-04-27,55.11
1995-04-28,55.47
1995-05-01,55.758
1995-05-02,56.84999999999999
1995-05-03,57.372
1995-05-04,56.44799999999999
1995-05-05,56.39999999999999
1995-05-08,58.10999999999999
1995-05-09,59.34599999999999
1995-05-10,59.328
1995-05-11,60.03
1995-05-12,59.74799999999999
1995-05-15,59.55000000000001
1995-05-16,59.418000000000006
1995-05-17,59.712
1995-05-18,59.68800000000002
1995-05-19,59.646000000000015
1995-05-22,61.884000000000015
1995-05-23,62.538000000000025
1995-05-24,63.31800000000001
1995-05-25,64.02000000000001
1995-05-26,64.23000000000002
1995-05-29,64.39800000000001
1995-05-30,64.074
1995-05-31,63.69
1995-06-01,64.122
1995-06-02,63.540000000000006
1995-06-05,63.16799999999999
1995-06-06,63.228
1995-06-07,63.426
1995-06-08,63.71999999999999
1995-06-09,63.79799999999999
1995-06-12,63.50999999999999
1995-06-13,63.32999999999999
1995-06-14,63.26399999999998
1995-06-15,63.588
1995-06-16,63.636
1995-06-19,64.212
1995-06-20,64.956
1995-06-21,65.96400000000001
1995-06-22,65.538
1995-06-23,65.22000000000001
1995-06-26,65.388
1995-06-27,64.80000000000001
1995-06-28,64.87800000000001
1995-06-29,65.71200000000002
1995-06-30,66.21600000000001
1995-07-01,66.21600000000001
1995-07-03,65.778
1995-07-04,65.778
1995-07-05,65.97
1995-07-06,65.592
1995-07-07,66.054
1995-07-10,64.92000000000002
1995-07-11,64.95600000000002
1995-07-12,64.50000000000001
1995-07-13,65.01
1995-07-14,64.71600000000001
1995-07-17,63.91199999999998
1995-07-18,63.80399999999999
1995-07-19,63.72
1995-07-20,64.45199999999998
1995-07-21,64.332
1995-07-24,63.317999999999984
1995-07-25,62.68799999999999
1995-07-26,63.21599999999998
1995-07-27,63.13799999999998
1995-07-28,63.41999999999998
1995-07-31,61.88399999999999
1995-08-01,62.05799999999999
1995-08-02,61.31399999999999
1995-08-03,61.91999999999999
1995-08-04,61.85999999999999
1995-08-07,62.00400000000001
1995-08-08,61.500000000000014
1995-08-09,61.68600000000001
1995-08-10,61.30800000000001
1995-08-11,61.37400000000001
1995-08-14,61.926
1995-08-15,62.166
1995-08-16,61.848
1995-08-17,61.626
1995-08-18,61.218
1995-08-21,60.342
1995-08-22,59.67000000000001
1995-08-23,58.836000000000006
1995-08-24,56.28000000000001
1995-08-25,55.266000000000005
1995-08-28,60.67800000000001
1995-08-29,60.462
1995-08-30,60.894000000000005
1995-08-31,60.696
1995-09-01,60.58800000000001
1995-09-04,60.42
1995-09-05,59.904
1995-09-06,60.18599999999999
1995-09-07,59.934
1995-09-08,59.592
1995-09-11,58.98
1995-09-12,58.338
1995-09-13,58.64999999999999
1995-09-14,57.882000000000005
1995-09-15,57.588
1995-09-18,57.60600000000001
1995-09-19,57.168000000000006
1995-09-20,57.81
1995-09-21,59.52000000000001
1995-09-22,61.128000000000014
1995-09-25,61.134000000000015
1995-09-26,60.82200000000002
1995-09-27,60.396
1995-09-28,60.366000000000014
1995-09-29,60.696000000000005
1995-10-01,60.696000000000005
1995-10-02,59.84400000000001
1995-10-03,60.21600000000001
1995-10-04,60.726000000000006
1995-10-05,61.72800000000001
1995-10-06,61.344
1995-10-09,59.93400000000001
1995-10-10,59.976000000000006
1995-10-11,60.21600000000001
1995-10-12,60.69000000000001
1995-10-13,59.95800000000001
1995-10-16,58.374
1995-10-17,58.32000000000001
1995-10-18,58.296
1995-10-19,58.902
1995-10-20,58.77
1995-10-23,58.14599999999999
1995-10-24,58.008
1995-10-25,58.14
1995-10-26,58.386
1995-10-27,58.554
1995-10-30,57.366
1995-10-31,57.282
1995-11-01,57.24
1995-11-02,57.10199999999999
1995-11-03,56.96399999999999
1995-11-06,57.294
1995-11-07,57.39
1995-11-08,57.00000000000001
1995-11-09,57.054000000000016
1995-11-10,57.09600000000002
1995-11-13,57.11999999999999
1995-11-14,56.83199999999998
1995-11-15,56.741999999999976
1995-11-16,56.23199999999999
1995-11-17,55.41
1995-11-20,56.46000000000001
1995-11-21,56.95800000000001
1995-11-22,57.04800000000001
1995-11-23,57.04800000000001
1995-11-24,57.04800000000001
1995-11-27,56.148
1995-11-28,56.208
1995-11-29,55.94399999999999
1995-11-30,55.69199999999999
1995-12-01,55.632
1995-12-04,55.722
1995-12-05,55.488
1995-12-06,55.566
1995-12-07,56.02799999999999
1995-12-08,55.69200000000001
1995-12-11,56.82599999999999
1995-12-12,56.24399999999999
1995-12-13,56.07599999999999
1995-12-14,55.47599999999999
1995-12-15,54.618
1995-12-18,55.278
1995-12-19,57.846
1995-12-20,58.554
1995-12-21,58.71600000000001
1995-12-22,57.888000000000005
1995-12-25,58.14
1995-12-26,57.876000000000005
1995-12-27,57.95399999999999
1995-12-28,57.17400000000001
1995-12-29,56.208000000000006
1996-01-01,56.37599999999998
1996-01-02,56.21999999999999
1996-01-03,55.88399999999999
1996-01-04,55.74599999999999
1996-01-05,55.392
1996-01-08,56.352
1996-01-09,57.39
1996-01-10,57.696
1996-01-11,58.34400000000001
1996-01-12,58.938
1996-01-15,58.896
1996-01-16,59.54400000000001
1996-01-17,58.542000000000016
1996-01-18,57.006000000000014
1996-01-19,57.756
1996-01-22,58.22400000000002
1996-01-23,57.57600000000002
1996-01-24,56.34000000000002
1996-01-25,58.044000000000025
1996-01-26,59.31000000000001
1996-01-29,60.066
1996-01-30,59.106
1996-01-31,59.868
1996-02-01,60.510000000000005
1996-02-02,60.66600000000001
1996-02-05,60.978
1996-02-06,60.26400000000001
1996-02-07,60.522
1996-02-08,60.534
1996-02-09,60.792
1996-02-12,60.37799999999999
1996-02-13,59.41799999999999
1996-02-14,60.89399999999999
1996-02-15,59.573999999999984
1996-02-16,59.195999999999984
1996-02-19,59.616
1996-02-20,53.55
1996-02-21,52.92
1996-02-22,52.44000000000001
1996-02-23,55.74000000000001
1996-02-26,62.988
1996-02-27,62.64000000000001
1996-02-28,60.666
1996-02-29,60.468
1996-03-01,59.754000000000005
1996-03-04,60.804
1996-03-05,59.49
1996-03-06,58.38
1996-03-07,59.41799999999999
1996-03-08,60.594
1996-03-11,60.57000000000001
1996-03-12,58.31400000000001
1996-03-13,57.22200000000001
1996-03-14,55.27800000000001
1996-03-15,56.292000000000016
1996-03-18,54.756
1996-03-19,53.16000000000001
1996-03-20,59.03999999999999
1996-03-21,56.99999999999999
1996-03-22,55.97999999999999
1996-03-25,56.05799999999999
1996-03-26,59.82599999999999
1996-03-27,61.62599999999999
1996-03-28,60.978
1996-03-29,60.03
1996-04-01,59.13
1996-04-02,59.178
1996-04-03,59.71799999999999
1996-04-04,59.934
1996-04-05,59.934
1996-04-08,61.84200000000001
1996-04-09,62.06400000000002
1996-04-10,61.11000000000003
1996-04-11,58.53000000000003
1996-04-12,60.396000000000015
1996-04-15,60.774000000000015
1996-04-16,59.02800000000002
1996-04-17,56.778000000000006
1996-04-18,58.95000000000002
1996-04-19,56.76600000000002
1996-04-22,57.288
1996-04-23,56.526
1996-04-24,57.906000000000006
1996-04-25,57.40199999999999
1996-04-26,63.504000000000005
1996-04-29,66.804
1996-04-30,69.66
1996-05-01,69.45
1996-05-02,69.20399999999998
1996-05-03,68.26799999999999
1996-05-06,68.658
1996-05-07,68.50199999999998
1996-05-08,68.27999999999999
1996-05-09,69.762
1996-05-10,68.80799999999999
1996-05-13,68.48400000000001
1996-05-14,66.35999999999999
1996-05-15,66.48599999999999
1996-05-16,66.35999999999999
1996-05-17,66.76799999999999
1996-05-20,63.23399999999998
1996-05-21,63.38399999999999
1996-05-22,60.636
1996-05-23,62.351999999999975
1996-05-24,64.704
1996-05-27,63.94800000000002
1996-05-28,65.304
1996-05-29,66.52800000000002
1996-05-30,67.83000000000001
1996-05-31,67.782
1996-06-01,67.782
1996-06-03,67.05000000000001
1996-06-04,65.79
1996-06-05,67.23
1996-06-06,66.28200000000001
1996-06-07,65.916
1996-06-10,65.62800000000001
1996-06-11,65.652
1996-06-12,65.652
1996-06-13,65.91
1996-06-14,65.49600000000001
1996-06-17,62.29800000000003
1996-06-18,61.620000000000005
1996-06-19,63.432000000000016
1996-06-20,63.75000000000002
1996-06-21,64.56600000000002
1996-06-24,64.398
1996-06-25,64.30799999999999
1996-06-26,63.27
1996-06-27,62.76599999999999
1996-06-28,63.07199999999999
1996-07-01,60.97200000000001
1996-07-02,61.92
1996-07-03,61.146
1996-07-04,61.146
1996-07-05,60.33600000000001
1996-07-08,61.170000000000016
1996-07-09,60.72600000000001
1996-07-10,60.73200000000001
1996-07-11,59.994000000000014
1996-07-12,60.13200000000002
1996-07-15,58.962
1996-07-16,59.07599999999999
1996-07-17,60.67200000000001
1996-07-18,60.70800000000001
1996-07-19,62.56200000000001
1996-07-22,62.22
1996-07-23,60.67200000000001
1996-07-24,62.50200000000001
1996-07-25,62.388000000000005
1996-07-26,64.644
1996-07-29,63.73200000000001
1996-07-30,63.94200000000001
1996-07-31,64.03200000000001
1996-08-01,62.89800000000001
1996-08-02,62.328
1996-08-05,61.662000000000006
1996-08-06,61.79400000000001
1996-08-07,61.11
1996-08-08,61.06200000000001
1996-08-09,60.48599999999999
1996-08-12,58.662000000000006
1996-08-13,58.57199999999999
1996-08-14,59.48999999999998
1996-08-15,59.56200000000001
1996-08-16,58.451999999999984
1996-08-19,57.666
1996-08-20,58.74600000000001
1996-08-21,59.84400000000002
1996-08-22,59.48400000000001
1996-08-23,60.024000000000015
1996-08-26,61.812
1996-08-27,62.41199999999999
1996-08-28,61.212
1996-08-29,60.912000000000006
1996-08-30,60.426
1996-09-01,60.426
1996-09-02,59.754000000000005
1996-09-03,57.41999999999999
1996-09-04,57.30000000000001
1996-09-05,57.078
1996-09-06,56.42399999999999
1996-09-09,57.22800000000001
1996-09-10,56.322
1996-09-11,55.23599999999999
1996-09-12,54.97200000000001
1996-09-13,55.90199999999999
1996-09-16,58.578
1996-09-17,58.404000000000025
1996-09-18,58.566
1996-09-19,58.67400000000001
1996-09-20,58.518
1996-09-23,57.87000000000002
1996-09-24,56.63399999999999
1996-09-25,57.28199999999998
1996-09-26,58.638000000000005
1996-09-27,57.28199999999998
1996-09-30,58.10400000000001
1996-10-01,57.654
1996-10-02,59.05799999999999
1996-10-03,57.75
1996-10-04,57.882000000000005
1996-10-07,56.50800000000001
1996-10-08,55.69800000000001
1996-10-09,56.04000000000002
1996-10-10,56.88
1996-10-11,56.04000000000002
1996-10-14,55.59
1996-10-15,55.32000000000002
1996-10-16,55.74000000000001
1996-10-17,55.176000000000016
1996-10-18,54.69
1996-10-21,54.53999999999999
1996-10-22,54.636
1996-10-23,56.61599999999999
1996-10-24,57.138000000000005
1996-10-25,56.85
1996-10-28,57.882000000000005
1996-10-29,59.01000000000002
1996-10-30,57.672000000000025
1996-10-31,60.28200000000001
1996-11-01,61.03200000000001
1996-11-04,62.094
1996-11-05,62.334
1996-11-06,62.45400000000001
1996-11-07,62.43000000000001
1996-11-08,60.95400000000001
1996-11-11,61.829999999999984
1996-11-12,61.51200000000003
1996-11-13,60.26400000000001
1996-11-14,60.97199999999998
1996-11-15,61.23600000000002
1996-11-18,62.59799999999999
1996-11-19,61.404
1996-11-20,62.94
1996-11-21,63.162000000000006
1996-11-22,61.95000000000002
1996-11-25,57.612
1996-11-26,63.426000000000016
1996-11-27,63.72
1996-11-28,63.72
1996-11-29,63.72
1996-12-01,63.72
1996-12-02,61.26600000000002
1996-12-03,61.13399999999999
1996-12-04,60.28200000000001
1996-12-05,59.112
1996-12-06,58.98599999999999
1996-12-09,59.160000000000025
1996-12-10,60.726
1996-12-11,62.10000000000002
1996-12-12,61.84800000000001
1996-12-13,61.00800000000001
1996-12-16,57.846
1996-12-17,57.30000000000001
1996-12-18,56.54400000000001
1996-12-19,54.96000000000001
1996-12-20,55.84799999999999
1996-12-23,53.68800000000002
1996-12-24,57.864
1996-12-26,57.126000000000005
1996-12-27,56.99400000000003
1996-12-30,56.292
1996-12-31,55.650000000000006
1997-01-01,55.650000000000006
1997-01-02,56.65799999999999
1997-01-03,56.28
1997-01-06,54.81
1997-01-07,54.34800000000001
1997-01-08,53.78399999999999
1997-01-09,54.49199999999999
1997-01-10,54.56400000000002
1997-01-13,57.54000000000002
1997-01-14,57.588
1997-01-15,55.920000000000016
1997-01-16,56.79000000000002
1997-01-17,56.35200000000003
1997-01-20,56.70599999999999
1997-01-21,57.018
1997-01-22,58.76400000000001
1997-01-23,60.077999999999975
1997-01-24,60.24599999999998
1997-01-27,60.16199999999998
1997-01-28,59.76000000000002
1997-01-29,58.88399999999999
1997-01-30,58.65599999999998
1997-01-31,59.89200000000002
1997-02-01,59.89200000000002
1997-02-03,59.154
1997-02-04,59.124
1997-02-05,59.00400000000002
1997-02-06,60.714
1997-02-07,62.585999999999984
1997-02-10,62.43000000000001
1997-02-11,62.81399999999999
1997-02-12,64.572
1997-02-13,63.018
1997-02-14,62.41200000000004
1997-02-17,61.82400000000001
1997-02-18,60.894000000000005
1997-02-19,59.81400000000002
1997-02-20,61.07400000000001
1997-02-21,62.082
1997-02-24,62.622000000000014
1997-02-25,63.44400000000002
1997-02-26,62.826
1997-02-27,63.474
1997-02-28,64.38600000000001
1997-03-01,64.38600000000001
1997-03-03,63.318
1997-03-04,61.64999999999999
1997-03-05,61.97999999999999
1997-03-06,60.89999999999999
1997-03-07,60.101999999999975
1997-03-10,61.43400000000001
1997-03-11,62.35800000000001
1997-03-12,61.470000000000006
1997-03-13,61.53000000000002
1997-03-14,60.042
1997-03-17,60.27600000000002
1997-03-18,57.64800000000001
1997-03-19,57.69000000000001
1997-03-20,57.48000000000002
1997-03-21,58.422000000000025
1997-03-24,60.816
1997-03-25,61.428
1997-03-26,61.74
1997-03-27,61.884000000000015
1997-03-28,61.884000000000015
1997-03-31,62.64000000000001
1997-04-01,62.58000000000001
1997-04-02,64.242
1997-04-03,64.75200000000002
1997-04-04,66.03000000000003
1997-04-07,66.066
1997-04-08,65.51400000000001
1997-04-09,65.982
1997-04-10,66.258
1997-04-11,65.946
1997-04-14,64.578
1997-04-15,65.51999999999998
1997-04-16,65.68199999999999
1997-04-17,65.526
1997-04-18,64.70400000000001
1997-04-21,63.606
1997-04-22,65.64599999999999
1997-04-23,65.958
1997-04-24,65.316
1997-04-25,64.87799999999999
1997-04-28,64.476
1997-04-29,63.87600000000001
1997-04-30,63.384000000000015
1997-05-01,64.20000000000002
1997-05-02,64.30199999999999
1997-05-05,63.882
1997-05-06,63.33000000000001
1997-05-07,63.33599999999999
1997-05-08,61.46399999999999
1997-05-09,60.99600000000001
1997-05-12,58.986
1997-05-13,59.80199999999999
1997-05-14,58.84199999999999
1997-05-15,59.03399999999999
1997-05-16,57.43199999999999
1997-05-19,60.114
1997-05-20,60.888000000000005
1997-05-21,59.646
1997-05-22,59.72999999999999
1997-05-23,60.65400000000001
1997-05-26,61.41
1997-05-27,61.98599999999999
1997-05-28,62.262
1997-05-29,61.12200000000001
1997-05-30,61.74
1997-06-01,61.74
1997-06-02,61.584
1997-06-03,63.228
1997-06-04,63.084
1997-06-05,64.24799999999999
1997-06-06,65.892
1997-06-09,65.62799999999999
1997-06-10,65.66999999999999
1997-06-11,65.75999999999999
1997-06-12,65.22
1997-06-13,65.328
1997-06-16,64.28999999999999
1997-06-17,63.900000000000006
1997-06-18,64.72200000000001
1997-06-19,65.08800000000001
1997-06-20,65.49600000000001
1997-06-23,64.00800000000001
1997-06-24,64.452
1997-06-25,63.81
1997-06-26,64.23
1997-06-27,63.036
1997-06-30,61.29
1997-07-01,60.92400000000001
1997-07-02,60.084
1997-07-03,61.932000000000016
1997-07-07,61.614
1997-07-08,61.27799999999999
1997-07-09,62.00400000000001
1997-07-10,62.25
1997-07-11,61.866
1997-07-14,62.604
1997-07-15,60.438
1997-07-16,61.158
1997-07-17,60.52799999999999
1997-07-18,61.914
1997-07-21,62.328
1997-07-22,62.622
1997-07-23,61.50000000000001
1997-07-24,61.368
1997-07-25,61.62
1997-07-28,61.362
1997-07-29,60.426
1997-07-30,59.838
1997-07-31,60.43199999999999
1997-08-01,60.48599999999999
1997-08-04,61.47000000000001
1997-08-05,61.32
1997-08-06,61.68
1997-08-07,62.11800000000001
1997-08-08,63.22800000000001
1997-08-11,65.676
1997-08-12,65.38799999999999
1997-08-13,65.00999999999999
1997-08-14,65.268
1997-08-15,64.962
1997-08-18,65.25599999999999
1997-08-19,65.166
1997-08-20,64.86599999999999
1997-08-21,65.04
1997-08-22,65.22
1997-08-25,66.95400000000001
1997-08-26,66.852
1997-08-27,66.37800000000001
1997-08-28,66.306
1997-08-29,66.09599999999999
1997-09-01,66.012
1997-09-02,66.138
1997-09-03,66.21000000000001
1997-09-04,66.36000000000001
1997-09-05,66.33
1997-09-08,66.45000000000002
1997-09-09,65.90400000000001
1997-09-10,65.52600000000001
1997-09-11,65.92200000000001
1997-09-12,66.37800000000001
1997-09-15,65.916
1997-09-16,65.478
1997-09-17,65.99999999999999
1997-09-18,66.468
1997-09-19,66.882
1997-09-22,65.448
1997-09-23,64.89599999999999
1997-09-24,64.482
1997-09-25,63.80999999999999
1997-09-26,63.01199999999999
1997-09-29,60.91200000000001
1997-09-30,61.30800000000001
1997-10-01,61.428
1997-10-02,59.742
1997-10-03,57.21000000000001
1997-10-06,58.872000000000014
1997-10-07,59.18400000000001
1997-10-08,58.33800000000001
1997-10-09,58.668000000000006
1997-10-10,58.75200000000001
1997-10-13,59.376000000000005
1997-10-14,60.852
1997-10-15,61.19400000000001
1997-10-16,60.75
1997-10-17,59.082
1997-10-20,60.695999999999984
1997-10-21,60.81
1997-10-22,58.86599999999999
1997-10-23,59.31
1997-10-24,59.46000000000001
1997-10-27,58.66799999999999
1997-10-28,60.054
1997-10-29,59.13
1997-10-30,58.482
1997-10-31,58.75199999999999
1997-11-01,58.75199999999999
1997-11-03,59.11200000000001
1997-11-04,59.628
1997-11-05,59.934
1997-11-06,60.00000000000001
1997-11-07,59.148
1997-11-10,60.084
1997-11-11,60.01199999999999
1997-11-12,60.16799999999999
1997-11-13,59.856
1997-11-14,59.526
1997-11-17,60.38399999999999
1997-11-18,61.014
1997-11-19,61.12199999999999
1997-11-20,62.694
1997-11-21,60.96600000000001
1997-11-24,61.59599999999999
1997-11-25,61.77599999999999
1997-11-26,61.344
1997-11-27,61.344
1997-11-28,61.344
1997-12-01,61.27799999999999
1997-12-02,61.42199999999998
1997-12-03,61.212
1997-12-04,62.13
1997-12-05,61.818
1997-12-08,60.432
1997-12-09,60.34799999999999
1997-12-10,61.68
1997-12-11,61.50599999999999
1997-12-12,61.584
1997-12-15,60.83400000000001
1997-12-16,60.762
1997-12-17,60.84
1997-12-18,60.18000000000001
1997-12-19,60.12
1997-12-22,59.37000000000001
1997-12-23,59.11200000000001
1997-12-24,59.11800000000001
1997-12-26,59.37599999999999
1997-12-29,60.018
1997-12-30,60.222
1997-12-31,59.946000000000005
1998-01-01,59.946000000000005
1998-01-02,60.582
1998-01-05,60.57600000000001
1998-01-06,61.086
1998-01-07,60.36
1998-01-08,60.228
1998-01-09,60.846
1998-01-12,60.53399999999999
1998-01-13,60.71999999999999
1998-01-14,60.63
1998-01-15,61.07399999999999
1998-01-16,60.978
1998-01-19,60.054
1998-01-20,60.12
1998-01-21,61.05
1998-01-22,61.284
1998-01-23,61.578
1998-01-26,57.47999999999998
1998-01-27,57.13799999999999
1998-01-28,56.646
1998-01-29,55.49399999999999
1998-01-30,57.10799999999998
1998-02-01,57.10799999999998
1998-02-02,56.98199999999999
1998-02-03,58.06199999999999
1998-02-04,57.83999999999999
1998-02-05,57.588
1998-02-06,57.36
1998-02-09,57.078
1998-02-10,57.492
1998-02-11,58.002
1998-02-12,58.35
1998-02-13,58.044
1998-02-16,56.952
1998-02-17,57.702
1998-02-18,56.53200000000001
1998-02-19,56.976
1998-02-20,56.82000000000001
1998-02-23,59.18400000000001
1998-02-24,59.664
1998-02-25,59.496000000000016
1998-02-26,59.14800000000001
1998-02-27,59.058000000000014
1998-03-01,59.058000000000014
1998-03-02,57.98999999999999
1998-03-03,58.06799999999999
1998-03-04,58.08599999999999
1998-03-05,58.098
1998-03-06,59.03999999999999
1998-03-09,58.78199999999999
1998-03-10,58.146
1998-03-11,59.36999999999999
1998-03-12,59.06999999999999
1998-03-13,59.61600000000001
1998-03-16,60.402
1998-03-17,59.832000000000015
1998-03-18,58.812
1998-03-19,58.392
1998-03-20,58.752
1998-03-23,54.47999999999999
1998-03-24,55.835999999999984
1998-03-25,52.95599999999999
1998-03-26,52.30799999999999
1998-03-27,52.548
1998-03-30,55.82999999999999
1998-03-31,57.120000000000005
1998-04-01,57.594
1998-04-02,56.502
1998-04-03,56.676
1998-04-06,57.25799999999998
1998-04-07,57.52799999999998
1998-04-08,56.81999999999999
1998-04-09,57.03599999999999
1998-04-13,57.18600000000001
1998-04-14,57.276
1998-04-15,56.736
1998-04-16,56.04
1998-04-17,57.144000000000005
1998-04-20,57.43199999999999
1998-04-21,57.28199999999999
1998-04-22,58.614
1998-04-23,64.386
1998-04-24,63.966
1998-04-27,58.458000000000006
1998-04-28,57.384
1998-04-29,58.374
1998-04-30,57.81600000000001
1998-05-01,57.132000000000005
1998-05-04,58.32000000000001
1998-05-05,59.23200000000001
1998-05-06,58.860000000000014
1998-05-07,59.304
1998-05-08,59.202000000000005
1998-05-11,60.18600000000001
1998-05-12,60.336000000000006
1998-05-13,60.768
1998-05-14,60.348
1998-05-15,61.84800000000001
1998-05-18,63.05399999999999
1998-05-19,66.34799999999998
1998-05-20,64.794
1998-05-21,62.66399999999998
1998-05-22,60.528
1998-05-25,60.27600000000002
1998-05-26,60.132000000000005
1998-05-27,59.93400000000001
1998-05-28,59.94000000000001
1998-05-29,59.03400000000001
1998-06-01,59.35799999999999
1998-06-02,59.43599999999999
1998-06-03,59.04599999999999
1998-06-04,58.356
1998-06-05,58.64399999999999
1998-06-08,61.44600000000001
1998-06-09,63.384
1998-06-10,64.71600000000001
1998-06-11,66.654
1998-06-12,66.81
1998-06-15,68.376
1998-06-16,66.306
1998-06-17,65.79599999999999
1998-06-18,67.91999999999999
1998-06-19,67.91999999999999
1998-06-22,62.7
1998-06-23,60.21
1998-06-24,60.582
1998-06-25,61.53599999999999
1998-06-26,60.94199999999999
1998-06-29,60.954000000000015
1998-06-30,60.672
1998-07-01,60.37200000000001
1998-07-02,59.832
1998-07-03,59.832
1998-07-06,61.37399999999998
1998-07-07,61.45199999999999
1998-07-08,60.78599999999999
1998-07-09,60.82799999999999
1998-07-10,60.76799999999998
1998-07-13,60.21599999999999
1998-07-14,58.49999999999999
1998-07-15,58.40999999999998
1998-07-16,59.15399999999999
1998-07-17,60.335999999999984
1998-07-20,62.15999999999999
1998-07-21,60.864
1998-07-22,59.358
1998-07-23,60.31799999999999
1998-07-24,60.774
1998-07-27,58.908
1998-07-28,59.25
1998-07-29,59.292
1998-07-30,58.932
1998-07-31,58.494
1998-08-01,58.494
1998-08-03,58.75799999999999
1998-08-04,59.43599999999999
1998-08-05,59.14799999999998
1998-08-06,59.23199999999999
1998-08-07,59.37599999999999
1998-08-10,60.252
1998-08-11,60.972
1998-08-12,61.218
1998-08-13,59.808
1998-08-14,59.718
1998-08-17,59.63399999999999
1998-08-18,59.64599999999999
1998-08-19,59.364
1998-08-20,58.764
1998-08-21,58.71599999999999
1998-08-24,57.612
1998-08-25,57.46199999999999
1998-08-26,58.068000000000005
1998-08-27,58.69200000000001
1998-08-28,58.374
1998-08-31,58.704
1998-09-01,58.47
1998-09-02,58.04399999999999
1998-09-03,56.112
1998-09-04,56.232
1998-09-07,55.644000000000005
1998-09-08,56.18400000000001
1998-09-09,56.304
1998-09-10,55.998
1998-09-11,56.874
1998-09-14,56.328
1998-09-15,55.50599999999999
1998-09-16,55.69800000000001
1998-09-17,54.708000000000006
1998-09-18,53.874
1998-09-21,54.73199999999999
1998-09-22,54.45
1998-09-23,53.98799999999999
1998-09-24,53.67
1998-09-25,54.19799999999999
1998-09-28,54.252
1998-09-29,53.35799999999999
1998-09-30,53.532
1998-10-01,54.44999999999999
1998-10-02,53.87999999999999
1998-10-05,55.83600000000001
1998-10-06,54.84
1998-10-07,55.92000000000001
1998-10-08,56.62800000000001
1998-10-09,56.334
1998-10-12,56.928
1998-10-13,57.612
1998-10-14,58.11
1998-10-15,58.098000000000006
1998-10-16,58.278000000000006
1998-10-19,59.957999999999984
1998-10-20,59.904
1998-10-21,58.338
1998-10-22,58.464
1998-10-23,58.368
1998-10-26,57.21
1998-10-27,57.97799999999999
1998-10-28,57.624
1998-10-29,57.57599999999999
1998-10-30,57.234
1998-11-01,57.234
1998-11-02,56.44200000000001
1998-11-03,57.114
1998-11-04,57.522000000000006
1998-11-05,57.918
1998-11-06,57.79200000000001
1998-11-09,58.61399999999999
1998-11-10,58.668
1998-11-11,58.356
1998-11-12,57.462
1998-11-13,58.368
1998-11-16,58.88399999999999
1998-11-17,59.388
1998-11-18,59.82
1998-11-19,60.054
1998-11-20,60.294
1998-11-23,58.22999999999999
1998-11-24,60.984
1998-11-25,62.71799999999999
1998-11-26,62.71799999999999
1998-11-27,62.71799999999999
1998-11-30,59.592
1998-12-01,59.22
1998-12-02,59.268
1998-12-03,59.154
1998-12-04,59.22
1998-12-07,56.646
1998-12-08,57.57
1998-12-09,57.792
1998-12-10,58.470000000000006
1998-12-11,58.56
1998-12-14,56.90400000000001
1998-12-15,56.346
1998-12-16,54.33
1998-12-17,57.528000000000006
1998-12-18,57.82800000000002
1998-12-21,57.63600000000001
1998-12-22,57.372
1998-12-23,57.108
1998-12-24,57.252
1998-12-28,55.194
1998-12-29,54.75599999999999
1998-12-30,55.21799999999999
1998-12-31,54.006
1999-01-01,54.006
1999-01-04,53.964000000000006
1999-01-05,54.76800000000001
1999-01-06,53.040000000000006
1999-01-07,52.506
1999-01-08,52.63200000000001
1999-01-11,52.572
1999-01-12,53.33399999999999
1999-01-13,54.444
1999-01-14,54.324
1999-01-15,54.174
1999-01-18,54.258
1999-01-19,54.540000000000006
1999-01-20,55.092000000000006
1999-01-21,53.58000000000001
1999-01-22,53.28
1999-01-25,52.986
1999-01-26,53.48400000000001
1999-01-27,53.226
1999-01-28,52.866
1999-01-29,52.080000000000005
1999-02-01,52.632000000000005
1999-02-02,52.998
1999-02-03,52.41
1999-02-04,53.220000000000006
1999-02-05,53.322
1999-02-08,53.586
1999-02-09,53.556
1999-02-10,53.022000000000006
1999-02-11,52.8
1999-02-12,52.794
1999-02-15,52.122
1999-02-16,53.304
1999-02-17,53.10000000000001
1999-02-18,52.12200000000001
1999-02-19,52.368
1999-02-22,51.198
1999-02-23,50.208000000000006
1999-02-24,50.43600000000001
1999-02-25,50.244
1999-02-26,50.976000000000006
1999-03-01,51.402
1999-03-02,50.514
1999-03-03,50.07
1999-03-04,49.37399999999999
1999-03-05,49.51199999999999
1999-03-08,49.74600000000001
1999-03-09,49.38000000000002
1999-03-10,47.59200000000001
1999-03-11,48.534000000000006
1999-03-12,48.408000000000015
1999-03-15,53.118
1999-03-16,52.968
1999-03-17,51.774
1999-03-18,51.89999999999999
1999-03-19,51.82799999999999
1999-03-22,54.88199999999999
1999-03-23,55.392
1999-03-24,55.554
1999-03-25,54.49199999999999
1999-03-26,53.58
1999-03-29,57.42599999999998
1999-03-30,57.329999999999984
1999-03-31,57.20399999999999
1999-04-01,56.98199999999999
1999-04-02,56.98199999999999
1999-04-05,58.96799999999999
1999-04-06,59.50199999999999
1999-04-07,60.50999999999999
1999-04-08,60.72599999999999
1999-04-09,59.38799999999999
1999-04-12,61.30799999999999
1999-04-13,60.354
1999-04-14,61.182
1999-04-15,60.37199999999999
1999-04-16,59.15400000000001
1999-04-19,57.42
1999-04-20,57.216
1999-04-21,56.72999999999999
1999-04-22,57.03
1999-04-23,56.99999999999999
1999-04-26,57.24
1999-04-27,56.958000000000006
1999-04-28,55.59
1999-04-29,55.542
1999-04-30,55.356
1999-05-01,55.356
1999-05-03,55.73400000000001
1999-05-04,55.27799999999999
1999-05-05,55.596
1999-05-06,56.946
1999-05-07,56.652
1999-05-10,56.01
1999-05-11,57.86400000000002
1999-05-12,58.64399999999999
1999-05-13,57.096
1999-05-14,57.180000000000014
1999-05-17,57.93600000000001
1999-05-18,59.06400000000002
1999-05-19,59.85600000000002
1999-05-20,59.04600000000003
1999-05-21,58.75800000000002
1999-05-24,58.93199999999999
1999-05-25,57.702
1999-05-26,57.534
1999-05-27,57.996
1999-05-28,58.566
1999-05-31,57.47400000000001
1999-06-01,59.05200000000002
1999-06-02,58.110000000000014
1999-06-03,57.51000000000002
1999-06-04,56.280000000000015
1999-06-07,55.47
1999-06-08,56.05200000000001
1999-06-09,55.34400000000001
1999-06-10,55.86600000000001
1999-06-11,54.94200000000001
1999-06-14,55.36200000000001
1999-06-15,54.67200000000001
1999-06-16,55.986
1999-06-17,55.584
1999-06-18,55.84200000000001
1999-06-21,57.636
1999-06-22,58.188
1999-06-23,56.46
1999-06-24,56.94
1999-06-25,57.21
1999-06-28,56.13600000000001
1999-06-29,55.57800000000002
1999-06-30,54.06600000000002
1999-07-01,54.054
1999-07-02,53.250000000000014
1999-07-05,54.51000000000002
1999-07-06,54.144000000000005
1999-07-07,54.17400000000001
1999-07-08,54.70800000000001
1999-07-09,54.42
1999-07-12,55.57199999999999
1999-07-13,54.678
1999-07-14,55.49399999999999
1999-07-15,54.972
1999-07-16,53.81399999999999
1999-07-19,56.84399999999998
1999-07-20,58.66199999999999
1999-07-21,58.34999999999999
1999-07-22,57.44999999999999
1999-07-23,56.53799999999998
1999-07-26,58.22999999999999
1999-07-27,58.332
1999-07-28,58.08
1999-07-29,57.27
1999-07-30,58.476
1999-08-01,58.476
1999-08-02,58.78199999999999
1999-08-03,59.19599999999999
1999-08-04,58.818
1999-08-05,58.40399999999998
1999-08-06,58.164
1999-08-09,58.398
1999-08-10,58.248000000000005
1999-08-11,57.726
1999-08-12,58.044
1999-08-13,57.378
1999-08-16,60.804
1999-08-17,60.22800000000001
1999-08-18,60.792
1999-08-19,60.336
1999-08-20,60.93599999999999
1999-08-23,61.044
1999-08-24,61.332
1999-08-25,62.67599999999999
1999-08-26,61.89
1999-08-27,61.39800000000001
1999-08-30,60.126000000000005
1999-08-31,59.718
1999-09-01,60.41999999999999
1999-09-02,60.96
1999-09-03,59.916
1999-09-06,60.67200000000001
1999-09-07,59.60400000000001
1999-09-08,59.46600000000001
1999-09-09,58.548
1999-09-10,57.99600000000001
1999-09-13,57.114
1999-09-14,57.61200000000001
1999-09-15,56.80799999999999
1999-09-16,55.59
1999-09-17,54.94800000000001
1999-09-20,57.323999999999984
1999-09-21,56.676000000000016
1999-09-22,57.63
1999-09-23,56.634000000000015
1999-09-24,56.778000000000006
1999-09-27,56.93999999999998
1999-09-28,57.144000000000005
1999-09-29,56.59199999999997
1999-09-30,57.25199999999998
1999-10-01,57.34199999999999
1999-10-04,58.44
1999-10-05,59.040000000000006
1999-10-06,59.346
1999-10-07,60.762
1999-10-08,64.15800000000002
1999-10-11,61.80600000000001
1999-10-12,59.43600000000001
1999-10-13,59.43600000000001
1999-10-14,60.59400000000001
1999-10-15,60.09000000000002
1999-10-18,59.688
1999-10-19,59.760000000000005
1999-10-20,60.042
1999-10-21,58.914
1999-10-22,57.492
1999-10-25,58.398
1999-10-26,58.8
1999-10-27,60.054
1999-10-28,62.280000000000015
1999-10-29,61.554
1999-11-01,59.77199999999999
1999-11-02,59.70599999999999
1999-11-03,59.82600000000001
1999-11-04,58.50599999999999
1999-11-05,58.974
1999-11-08,58.386
1999-11-09,56.43600000000001
1999-11-10,56.586
1999-11-11,56.664
1999-11-12,54.67199999999998
1999-11-15,56.20200000000001
1999-11-16,54.43199999999999
1999-11-17,53.22
1999-11-18,54.918000000000006
1999-11-19,52.89
1999-11-22,50.56199999999998
1999-11-23,53.628
1999-11-24,53.202
1999-11-25,53.202
1999-11-26,53.202
1999-11-29,56.586
1999-11-30,58.278000000000006
1999-12-01,58.10999999999999
1999-12-02,56.33999999999999
1999-12-03,56.51400000000001
1999-12-06,53.92800000000001
1999-12-07,54.312
1999-12-08,53.44799999999999
1999-12-09,54.636
1999-12-10,56.418000000000006
1999-12-13,56.652
1999-12-14,55.94999999999997
1999-12-15,55.39199999999997
1999-12-16,54.51599999999999
1999-12-17,54.70799999999997
1999-12-20,54.875999999999976
1999-12-21,55.8
1999-12-22,57.44999999999999
1999-12-23,56.652
1999-12-27,56.36999999999999
1999-12-28,55.35599999999998
1999-12-29,56.42999999999997
1999-12-30,58.12799999999999
1999-12-31,58.12799999999999
2000-01-01,58.12799999999999
2000-01-03,57.876000000000005
2000-01-04,58.01400000000002
2000-01-05,60.072
2000-01-06,59.81999999999999
2000-01-07,59.19
2000-01-10,58.75800000000001
2000-01-11,56.280000000000015
2000-01-12,55.542
2000-01-13,55.056
2000-01-14,53.142
2000-01-17,54.48599999999999
2000-01-18,53.75999999999999
2000-01-19,55.38600000000001
2000-01-20,62.86200000000001
2000-01-21,70.512
2000-01-24,76.13400000000001
2000-01-25,76.02599999999998
2000-01-26,81.74399999999999
2000-01-27,79.03200000000001
2000-01-28,77.74799999999999
2000-01-31,61.27800000000002
2000-02-01,68.208
2000-02-02,78.93
2000-02-03,83.934
2000-02-04,97.908
2000-02-07,71.922
2000-02-08,69.48599999999999
2000-02-09,63.55799999999999
2000-02-10,56.976
2000-02-11,55.65599999999998
2000-02-14,55.97400000000002
2000-02-15,55.35600000000001
2000-02-16,55.83600000000001
2000-02-17,57.08400000000002
2000-02-18,57.0
2000-02-21,61.19999999999999
2000-02-22,60.504000000000005
2000-02-23,59.41199999999999
2000-02-24,60.048
2000-02-25,61.43999999999998
2000-02-28,62.634
2000-02-29,61.422
2000-03-01,59.22000000000003
2000-03-02,60.61800000000002
2000-03-03,60.852
2000-03-06,65.00400000000002
2000-03-07,60.33600000000001
2000-03-08,65.352
2000-03-09,64.14
2000-03-10,62.80799999999999
2000-03-13,63.89999999999999
2000-03-14,63.55799999999999
2000-03-15,66.38399999999999
2000-03-16,64.57799999999997
2000-03-17,65.04599999999998
2000-03-20,67.66199999999999
2000-03-21,72.168
2000-03-22,74.19
2000-03-23,74.418
2000-03-24,74.29799999999999
2000-03-27,72.84000000000002
2000-03-28,74.856
2000-03-29,76.194
2000-03-30,75.85199999999999
2000-03-31,77.046
2000-04-01,77.046
2000-04-03,77.904
2000-04-04,77.256
2000-04-05,76.02000000000001
2000-04-06,76.72800000000001
2000-04-07,77.76000000000002
2000-04-10,78.58800000000001
2000-04-11,77.766
2000-04-12,75.52799999999999
2000-04-13,76.25399999999999
2000-04-14,75.34800000000001
2000-04-17,72.222
2000-04-18,72.76799999999999
2000-04-19,71.538
2000-04-20,71.136
2000-04-24,70.104
2000-04-25,72.68399999999998
2000-04-26,78.05399999999999
2000-04-27,76.07999999999998
2000-04-28,71.97
2000-05-01,70.48799999999999
2000-05-02,67.55399999999999
2000-05-03,66.61199999999997
2000-05-04,64.752
2000-05-05,62.87399999999998
2000-05-08,65.244
2000-05-09,64.39200000000002
2000-05-10,66.606
2000-05-11,65.17200000000003
2000-05-12,64.254
2000-05-15,66.726
2000-05-16,67.21199999999999
2000-05-17,68.478
2000-05-18,66.53399999999999
2000-05-19,66.85199999999998
2000-05-22,71.84999999999998
2000-05-23,71.24999999999999
2000-05-24,68.796
2000-05-25,67.512
2000-05-26,68.51399999999998
2000-05-29,69.77399999999997
2000-05-30,67.764
2000-05-31,70.70399999999998
2000-06-01,68.81999999999998
2000-06-02,68.11799999999998
2000-06-05,71.12400000000001
2000-06-06,71.856
2000-06-07,73.15799999999999
2000-06-08,70.76399999999998
2000-06-09,69.654
2000-06-12,72.46799999999999
2000-06-13,69.936
2000-06-14,70.00800000000001
2000-06-15,69.438
2000-06-16,69.18599999999998
2000-06-19,76.01999999999998
2000-06-20,72.82199999999997
2000-06-21,71.61599999999997
2000-06-22,69.72
2000-06-23,69.34799999999998
2000-06-26,76.722
2000-06-27,76.21199999999999
2000-06-28,76.66199999999999
2000-06-29,75.102
2000-06-30,75.38400000000001
2000-07-01,75.38400000000001
2000-07-03,72.44400000000002
2000-07-04,72.44400000000002
2000-07-05,76.392
2000-07-06,77.514
2000-07-07,77.388
2000-07-10,76.10999999999999
2000-07-11,75.76800000000001
2000-07-12,74.16600000000001
2000-07-13,71.83799999999998
2000-07-14,71.88600000000001
2000-07-17,68.68799999999999
2000-07-18,65.502
2000-07-19,67.85399999999998
2000-07-20,67.91399999999997
2000-07-21,73.92
2000-07-24,73.29600000000002
2000-07-25,73.66200000000002
2000-07-26,74.32200000000002
2000-07-27,73.5
2000-07-28,73.42800000000003
2000-07-31,71.72399999999999
2000-08-01,71.63999999999999
2000-08-02,70.38
2000-08-03,69.14399999999999
2000-08-04,66.92399999999999
2000-08-07,67.644
2000-08-08,67.536
2000-08-09,64.974
2000-08-10,63.60000000000001
2000-08-11,63.684
2000-08-14,60.438
2000-08-15,61.19400000000002
2000-08-16,60.216
2000-08-17,60.93599999999999
2000-08-18,61.29600000000002
2000-08-21,62.84399999999998
2000-08-22,65.66999999999999
2000-08-23,67.88399999999999
2000-08-24,61.21799999999999
2000-08-25,59.922
2000-08-28,65.586
2000-08-29,65.862
2000-08-30,64.17599999999999
2000-08-31,64.32
2000-09-01,63.03599999999999
2000-09-04,66.89999999999999
2000-09-05,65.526
2000-09-06,62.96400000000003
2000-09-07,63.55200000000002
2000-09-08,67.09800000000001
2000-09-11,67.66199999999999
2000-09-12,69.87
2000-09-13,69.624
2000-09-14,67.70400000000001
2000-09-15,64.464
2000-09-18,62.49599999999998
2000-09-19,61.488
2000-09-20,60.119999999999976
2000-09-21,69.12599999999998
2000-09-22,71.32199999999997
2000-09-25,73.03799999999998
2000-09-26,72.072
2000-09-27,74.05799999999999
2000-09-28,75.582
2000-09-29,74.466
2000-10-01,74.466
2000-10-02,69.66599999999998
2000-10-03,70.866
2000-10-04,73.044
2000-10-05,72.74399999999999
2000-10-06,72.18599999999999
2000-10-09,68.238
2000-10-10,66.912
2000-10-11,66.552
2000-10-12,60.702
2000-10-13,61.440000000000026
2000-10-16,68.79599999999999
2000-10-17,67.49999999999999
2000-10-18,67.47
2000-10-19,68.064
2000-10-20,65.154
2000-10-23,65.988
2000-10-24,67.35
2000-10-25,68.946
2000-10-26,69.01799999999997
2000-10-27,71.46599999999998
2000-10-30,69.83999999999999
2000-10-31,69.39599999999997
2000-11-01,68.32799999999999
2000-11-02,69.64199999999997
2000-11-03,69.21600000000001
2000-11-06,66.042
2000-11-07,65.916
2000-11-08,68.14800000000001
2000-11-09,67.35600000000002
2000-11-10,66.77400000000002
2000-11-13,66.486
2000-11-14,66.98999999999998
2000-11-15,64.82399999999998
2000-11-16,67.17599999999999
2000-11-17,64.92000000000002
2000-11-20,63.12600000000003
2000-11-21,64.15200000000002
2000-11-22,63.22200000000001
2000-11-23,63.22200000000001
2000-11-24,63.22200000000001
2000-11-27,61.96800000000002
2000-11-28,66.108
2000-11-29,64.806
2000-11-30,68.30400000000002
2000-12-01,70.56
2000-12-04,72.85799999999998
2000-12-05,77.1
2000-12-06,76.356
2000-12-07,76.728
2000-12-08,78.408
2000-12-11,72.32400000000001
2000-12-12,70.80000000000003
2000-12-13,72.006
2000-12-14,73.02600000000002
2000-12-15,71.634
2000-12-18,67.17599999999999
2000-12-19,67.33800000000001
2000-12-20,75.68399999999998
2000-12-21,75.372
2000-12-22,75.78599999999999
2000-12-25,75.11399999999999
2000-12-26,74.52599999999998
2000-12-27,76.96799999999999
2000-12-28,76.93199999999999
2000-12-29,75.53399999999999
2001-01-01,74.61000000000001
2001-01-02,71.43
2001-01-03,67.91400000000002
2001-01-04,68.316
2001-01-05,68.274
2001-01-08,70.728
2001-01-09,68.922
2001-01-10,65.83799999999998
2001-01-11,64.99799999999998
2001-01-12,62.79599999999999
2001-01-15,67.66799999999998
2001-01-16,67.26599999999998
2001-01-17,67.76999999999998
2001-01-18,66.61799999999998
2001-01-19,63.072
2001-01-22,62.634000000000015
2001-01-23,64.074
2001-01-24,62.78399999999999
2001-01-25,62.292000000000016
2001-01-26,68.214
2001-01-29,68.148
2001-01-30,67.62000000000002
2001-01-31,68.574
2001-02-01,65.34000000000002
2001-02-02,63.26999999999998
2001-02-05,63.28799999999998
2001-02-06,63.95999999999998
2001-02-07,61.25399999999999
2001-02-08,60.732
2001-02-09,61.89599999999999
2001-02-12,65.01599999999999
2001-02-13,65.41799999999999
2001-02-14,66.24600000000001
2001-02-15,67.80600000000001
2001-02-16,66.858
2001-02-19,64.25399999999999
2001-02-20,65.65199999999999
2001-02-21,65.7
2001-02-22,65.55599999999998
2001-02-23,64.71
2001-02-26,64.79399999999998
2001-02-27,64.94999999999999
2001-02-28,67.13399999999999
2001-03-01,66.054
2001-03-02,65.724
2001-03-05,62.64
2001-03-06,62.76600000000002
2001-03-07,61.452
2001-03-08,63.16199999999999
2001-03-09,64.01400000000001
2001-03-12,63.81599999999999
2001-03-13,64.90200000000002
2001-03-14,66.94200000000001
2001-03-15,66.89999999999999
2001-03-16,66.24600000000001
2001-03-19,66.05399999999999
2001-03-20,67.05600000000001
2001-03-21,67.12200000000001
2001-03-22,68.34599999999999
2001-03-23,66.79200000000002
2001-03-26,65.93400000000003
2001-03-27,66.492
2001-03-28,68.55000000000001
2001-03-29,69.27000000000001
2001-03-30,68.22600000000001
2001-04-01,68.22600000000001
2001-04-02,71.74800000000002
2001-04-03,69.61200000000002
2001-04-04,69.552
2001-04-05,69.47999999999999
2001-04-06,69.738
2001-04-09,74.268
2001-04-10,73.392
2001-04-11,73.71
2001-04-12,72.888
2001-04-13,72.888
2001-04-16,77.79
2001-04-17,78.91199999999999
2001-04-18,78.546
2001-04-19,78.276
2001-04-20,80.406
2001-04-23,83.89800000000002
2001-04-24,88.50000000000003
2001-04-25,87.18600000000004
2001-04-26,80.49000000000004
2001-04-27,80.178
2001-04-30,78.98999999999998
2001-05-01,79.99199999999998
2001-05-02,80.592
2001-05-03,79.24799999999998
2001-05-04,80.03999999999998
2001-05-07,87.35999999999999
2001-05-08,88.55399999999997
2001-05-09,86.31599999999999
2001-05-10,85.98599999999999
2001-05-11,85.50600000000001
2001-05-14,84.82800000000002
2001-05-15,85.16400000000002
2001-05-16,85.80600000000001
2001-05-17,85.434
2001-05-18,83.55000000000001
2001-05-21,81.60600000000002
2001-05-22,81.94200000000001
2001-05-23,84.81
2001-05-24,86.77800000000002
2001-05-25,86.11200000000001
2001-05-28,87.70799999999998
2001-05-29,85.374
2001-05-30,85.27199999999999
2001-05-31,86.568
2001-06-01,87.42599999999997
2001-06-04,84.33599999999997
2001-06-05,85.11
2001-06-06,86.32799999999999
2001-06-07,84.942
2001-06-08,83.75999999999999
2001-06-11,78.57600000000001
2001-06-12,78.92999999999999
2001-06-13,79.63799999999999
2001-06-14,80.26200000000001
2001-06-15,80.80199999999999
2001-06-18,77.74799999999999
2001-06-19,78.054
2001-06-20,79.578
2001-06-21,78.588
2001-06-22,77.74199999999999
2001-06-25,71.676
2001-06-26,71.63399999999999
2001-06-27,74.35799999999999
2001-06-28,74.37
2001-06-29,72.972
2001-07-01,72.972
2001-07-02,67.97399999999999
2001-07-03,67.48799999999997
2001-07-04,67.48799999999997
2001-07-05,65.32799999999997
2001-07-06,62.825999999999965
2001-07-09,60.87600000000002
2001-07-10,61.68600000000001
2001-07-11,61.79999999999998
2001-07-12,62.50199999999998
2001-07-13,62.418000000000006
2001-07-16,62.388000000000005
2001-07-17,63.87000000000002
2001-07-18,65.61600000000001
2001-07-19,65.65800000000002
2001-07-20,63.438
2001-07-23,61.8
2001-07-24,60.858
2001-07-25,60.108
2001-07-26,60.43800000000002
2001-07-27,59.50800000000001
2001-07-30,60.39599999999999
2001-07-31,59.55000000000001
2001-08-01,59.45399999999999
2001-08-02,57.62399999999998
2001-08-03,58.338
2001-08-06,57.894000000000005
2001-08-07,56.86199999999998
2001-08-08,58.42799999999998
2001-08-09,58.38
2001-08-10,57.51599999999998
2001-08-13,60.50999999999999
2001-08-14,60.22199999999998
2001-08-15,61.53
2001-08-16,61.566
2001-08-17,62.59800000000001
2001-08-20,65.77800000000002
2001-08-21,64.09200000000001
2001-08-22,66.498
2001-08-23,71.454
2001-08-24,63.786000000000016
2001-08-27,75.79199999999999
2001-08-28,75.39
2001-08-29,75.19799999999998
2001-08-30,75.912
2001-08-31,76.416
2001-09-01,76.416
2001-09-03,81.28800000000001
2001-09-04,80.12400000000001
2001-09-05,80.19
2001-09-06,79.12200000000001
2001-09-07,78.65400000000002
2001-09-10,77.03999999999998
2001-09-11,77.53200000000001
2001-09-12,77.058
2001-09-13,75.16199999999999
2001-09-14,72.80399999999999
2001-09-17,74.004
2001-09-18,74.32199999999999
2001-09-19,77.05799999999999
2001-09-20,77.32199999999997
2001-09-21,79.85999999999999
2001-09-24,83.62800000000001
2001-09-25,83.36999999999999
2001-09-26,82.53
2001-09-27,81.49799999999999
2001-09-28,80.08199999999998
2001-10-01,73.944
2001-10-02,74.49000000000001
2001-10-03,75.86999999999999
2001-10-04,74.91
2001-10-05,75.50399999999999
2001-10-08,69.876
2001-10-09,69.018
2001-10-10,69.138
2001-10-11,67.458
2001-10-12,70.458
2001-10-15,65.19000000000001
2001-10-16,66.31200000000001
2001-10-17,66.252
2001-10-18,67.55400000000002
2001-10-19,66.37200000000001
2001-10-22,63.30600000000001
2001-10-23,64.386
2001-10-24,63.360000000000014
2001-10-25,63.648
2001-10-26,62.47800000000001
2001-10-29,60.07799999999999
2001-10-30,60.63600000000001
2001-10-31,61.81200000000001
2001-11-01,63.078
2001-11-02,63.432
2001-11-05,61.968
2001-11-06,62.136
2001-11-07,61.47000000000001
2001-11-08,59.63999999999999
2001-11-09,57.378
2001-11-12,57.054
2001-11-13,56.49000000000001
2001-11-14,60.39
2001-11-15,65.05799999999999
2001-11-16,63.540000000000006
2001-11-19,63.96
2001-11-20,61.93199999999998
2001-11-21,62.92199999999998
2001-11-22,62.92199999999998
2001-11-23,62.92199999999998
2001-11-26,57.45599999999999
2001-11-27,56.16
2001-11-28,56.298
2001-11-29,57.79199999999999
2001-11-30,56.06999999999999
2001-12-01,56.06999999999999
2001-12-03,52.926000000000016
2001-12-04,53.38800000000001
2001-12-05,53.280000000000015
2001-12-06,54.726
2001-12-07,54.43800000000002
2001-12-10,55.374
2001-12-11,55.794
2001-12-12,55.362
2001-12-13,56.616
2001-12-14,54.882000000000005
2001-12-17,51.864
2001-12-18,52.068
2001-12-19,52.81200000000001
2001-12-20,54.19799999999999
2001-12-21,52.518
2001-12-24,54.282
2001-12-26,49.986
2001-12-27,50.232000000000006
2001-12-28,51.594
2001-12-31,55.20000000000001
2002-01-01,55.20000000000001
2002-01-02,52.824
2002-01-03,53.63400000000001
2002-01-04,52.140000000000015
2002-01-07,52.71
2002-01-08,54.468
2002-01-09,54.83400000000001
2002-01-10,54.98400000000001
2002-01-11,56.616
2002-01-14,57.348
2002-01-15,57.018
2002-01-16,57.654
2002-01-17,59.346
2002-01-18,59.844
2002-01-21,58.835999999999984
2002-01-22,57.94199999999999
2002-01-23,56.016
2002-01-24,55.06799999999999
2002-01-25,54.50399999999999
2002-01-28,52.788
2002-01-29,54.408
2002-01-30,54.768
2002-01-31,53.514
2002-02-01,51.570000000000014
2002-02-04,54.60000000000001
2002-02-05,54.48000000000002
2002-02-06,54.97200000000001
2002-02-07,54.82200000000002
2002-02-08,53.78400000000002
2002-02-11,50.538
2002-02-12,51.456
2002-02-13,50.712
2002-02-14,50.79599999999999
2002-02-15,49.956
2002-02-18,50.292
2002-02-19,51.678
2002-02-20,52.848
2002-02-21,52.06200000000001
2002-02-22,51.606
2002-02-25,52.63799999999999
2002-02-26,50.33999999999999
2002-02-27,50.50200000000001
2002-02-28,49.823999999999984
2002-03-01,48.72599999999999
2002-03-04,50.958
2002-03-05,49.530000000000015
2002-03-06,49.068
2002-03-07,48.882000000000005
2002-03-08,48.30000000000001
2002-03-11,53.634
2002-03-12,53.69399999999999
2002-03-13,54.83999999999999
2002-03-14,53.61
2002-03-15,53.892
2002-03-18,58.638000000000005
2002-03-19,58.75200000000001
2002-03-20,58.8
2002-03-21,56.844
2002-03-22,56.544
2002-03-25,59.514
2002-03-26,60.006
2002-03-27,60.38999999999999
2002-03-28,59.42400000000001
2002-03-29,59.42400000000001
2002-04-01,60.744
2002-04-02,58.91999999999999
2002-04-03,59.39399999999998
2002-04-04,61.284000000000006
2002-04-05,62.49000000000001
2002-04-08,66.83999999999999
2002-04-09,67.79400000000001
2002-04-10,65.946
2002-04-11,68.47200000000001
2002-04-12,70.75799999999998
2002-04-15,67.82400000000001
2002-04-16,67.116
2002-04-17,64.43400000000001
2002-04-18,64.75800000000002
2002-04-19,63.21600000000001
2002-04-22,63.53999999999999
2002-04-23,63.876000000000005
2002-04-24,63.75
2002-04-25,63.762000000000015
2002-04-26,61.86
2002-04-29,60.28200000000001
2002-04-30,60.54599999999999
2002-05-01,62.17800000000001
2002-05-02,62.61
2002-05-03,61.28999999999999
2002-05-06,62.622
2002-05-07,61.170000000000016
2002-05-08,58.68000000000001
2002-05-09,58.872000000000014
2002-05-10,58.83
2002-05-13,56.562
2002-05-14,55.58399999999999
2002-05-15,57.24
2002-05-16,57.918000000000006
2002-05-17,57.474
2002-05-20,58.164000000000016
2002-05-21,60.078
2002-05-22,61.26600000000002
2002-05-23,62.118
2002-05-24,61.67999999999999
2002-05-27,60.67200000000001
2002-05-28,65.50200000000002
2002-05-29,63.57000000000001
2002-05-30,65.01600000000002
2002-05-31,63.58200000000001
2002-06-01,63.58200000000001
2002-06-03,64.72799999999998
2002-06-04,64.27799999999999
2002-06-05,65.05199999999999
2002-06-06,65.31599999999999
2002-06-07,65.826
2002-06-10,65.08200000000002
2002-06-11,65.17200000000003
2002-06-12,63.93600000000001
2002-06-13,62.73599999999999
2002-06-14,61.82400000000001
2002-06-17,61.96199999999999
2002-06-18,63.444
2002-06-19,62.72999999999999
2002-06-20,62.91600000000001
2002-06-21,62.82599999999999
2002-06-24,61.85400000000003
2002-06-25,62.14200000000001
2002-06-26,60.56400000000001
2002-06-27,60.55799999999999
2002-06-28,60.708
2002-07-01,62.00999999999999
2002-07-02,62.05800000000001
2002-07-03,62.256
2002-07-04,62.256
2002-07-05,62.256
2002-07-08,62.36399999999999
2002-07-09,62.38799999999999
2002-07-10,61.22400000000002
2002-07-11,60.888000000000005
2002-07-12,59.81399999999999
2002-07-15,61.69800000000001
2002-07-16,60.684
2002-07-17,60.12599999999999
2002-07-18,60.97199999999998
2002-07-19,60.024000000000015
2002-07-22,64.146
2002-07-23,63.64200000000001
2002-07-24,63.888000000000005
2002-07-25,63.966
2002-07-26,64.11600000000001
2002-07-29,63.80999999999997
2002-07-30,62.19
2002-07-31,62.66399999999999
2002-08-01,63.648
2002-08-02,62.736
2002-08-05,61.21799999999999
2002-08-06,59.874
2002-08-07,61.38000000000001
2002-08-08,61.445999999999984
2002-08-09,60.67799999999998
2002-08-12,58.776
2002-08-13,57.66599999999997
2002-08-14,58.104
2002-08-15,56.88
2002-08-16,56.34
2002-08-19,54.69000000000001
2002-08-20,53.95200000000001
2002-08-21,53.957999999999984
2002-08-22,54.69600000000001
2002-08-23,54.846
2002-08-26,57.882000000000005
2002-08-27,59.17800000000001
2002-08-28,60.64200000000001
2002-08-29,59.33400000000002
2002-08-30,59.208
2002-09-01,59.208
2002-09-02,58.20000000000002
2002-09-03,60.44399999999999
2002-09-04,59.80799999999999
2002-09-05,58.39200000000001
2002-09-06,57.46200000000002
2002-09-09,57.01199999999997
2002-09-10,57.67800000000001
2002-09-11,57.144000000000005
2002-09-12,58.80600000000001
2002-09-13,57.00599999999999
2002-09-16,59.41199999999999
2002-09-17,59.88600000000001
2002-09-18,58.835999999999984
2002-09-19,59.07599999999999
2002-09-20,58.428000000000026
2002-09-23,54.618
2002-09-24,54.96600000000001
2002-09-25,55.39199999999998
2002-09-26,56.32200000000002
2002-09-27,55.662000000000006
2002-09-30,57.83400000000002
2002-10-01,58.27200000000002
2002-10-02,58.254000000000005
2002-10-03,59.78399999999999
2002-10-04,60.654000000000025
2002-10-07,62.79599999999999
2002-10-08,62.85600000000001
2002-10-09,63.64799999999998
2002-10-10,64.446
2002-10-11,63.58199999999998
2002-10-14,62.82600000000001
2002-10-15,63.35399999999999
2002-10-16,64.70399999999998
2002-10-17,64.176
2002-10-18,64.32600000000001
2002-10-21,68.07600000000001
2002-10-22,69.09
2002-10-23,68.14199999999998
2002-10-24,68.97600000000001
2002-10-25,70.224
2002-10-28,68.358
2002-10-29,69.09000000000002
2002-10-30,69.81
2002-10-31,69.61800000000002
2002-11-01,69.786
2002-11-04,69.89999999999999
2002-11-05,71.676
2002-11-06,72.40200000000002
2002-11-07,73.104
2002-11-08,71.40000000000002
2002-11-11,69.024
2002-11-12,68.84999999999998
2002-11-13,70.53
2002-11-14,70.42200000000003
2002-11-15,70.5
2002-11-18,65.31600000000003
2002-11-19,66.04800000000002
2002-11-20,65.49600000000001
2002-11-21,65.286
2002-11-22,64.14600000000002
2002-11-25,62.652000000000015
2002-11-26,64.386
2002-11-27,63.324
2002-11-28,63.324
2002-11-29,63.324
2002-12-01,63.324
2002-12-02,61.410000000000025
2002-12-03,60.780000000000015
2002-12-04,61.68600000000001
2002-12-05,60.52800000000002
2002-12-06,60.870000000000005
2002-12-09,60.426000000000016
2002-12-10,59.44200000000001
2002-12-11,60.20400000000001
2002-12-12,58.914000000000016
2002-12-13,59.35200000000002
2002-12-16,56.13
2002-12-17,55.78800000000001
2002-12-18,55.34999999999998
2002-12-19,55.332
2002-12-20,55.332
2002-12-23,56.357999999999976
2002-12-24,56.44799999999998
2002-12-26,55.260000000000005
2002-12-27,55.00800000000001
2002-12-30,61.044
2002-12-31,62.02200000000002
2003-01-01,62.02200000000002
2003-01-02,60.28800000000001
2003-01-03,57.804
2003-01-06,59.15999999999997
2003-01-07,60.708
2003-01-08,61.69799999999999
2003-01-09,59.42400000000001
2003-01-10,59.99999999999999
2003-01-13,60.16800000000002
2003-01-14,59.778000000000006
2003-01-15,57.81
2003-01-16,56.21400000000001
2003-01-17,55.398
2003-01-20,55.31399999999999
2003-01-21,53.09400000000002
2003-01-22,54.708
2003-01-23,56.178
2003-01-24,54.323999999999984
2003-01-27,62.77200000000002
2003-01-28,61.66799999999999
2003-01-29,60.702
2003-01-30,60.56999999999999
2003-01-31,60.41399999999999
2003-02-01,60.41399999999999
2003-02-03,67.25399999999999
2003-02-04,66.70800000000001
2003-02-05,67.78200000000001
2003-02-06,70.086
2003-02-07,71.37600000000002
2003-02-10,77.59800000000001
2003-02-11,73.93200000000002
2003-02-12,71.01
2003-02-13,69.32399999999998
2003-02-14,70.39200000000001
2003-02-17,74.42399999999999
2003-02-18,73.82399999999998
2003-02-19,74.874
2003-02-20,74.77799999999998
2003-02-21,75.78
2003-02-24,74.65199999999999
2003-02-25,76.15799999999999
2003-02-26,71.928
2003-02-27,74.85600000000001
2003-02-28,76.91400000000002
2003-03-01,76.91400000000002
2003-03-03,82.84199999999998
2003-03-04,76.722
2003-03-05,76.44600000000001
2003-03-06,74.094
2003-03-07,75.38399999999999
2003-03-10,78.888
2003-03-11,78.23399999999998
2003-03-12,74.59200000000001
2003-03-13,76.39800000000001
2003-03-14,76.42800000000003
2003-03-17,75.966
2003-03-18,83.892
2003-03-19,87.71400000000003
2003-03-20,91.63200000000002
2003-03-21,92.08800000000002
2003-03-24,81.864
2003-03-25,68.20199999999998
2003-03-26,82.20600000000002
2003-03-27,79.67400000000002
2003-03-28,80.436
2003-03-31,72.47999999999998
2003-04-01,75.86399999999998
2003-04-02,77.856
2003-04-03,76.94399999999999
2003-04-04,78.69599999999998
2003-04-07,78.75599999999997
2003-04-08,78.54599999999999
2003-04-09,76.548
2003-04-10,80.39399999999998
2003-04-11,79.16999999999999
2003-04-14,76.63799999999999
2003-04-15,75.50399999999999
2003-04-16,75.56399999999998
2003-04-17,72.44999999999999
2003-04-18,72.44999999999999
2003-04-21,69.672
2003-04-22,72.36
2003-04-23,76.74000000000001
2003-04-24,78.762
2003-04-25,83.05799999999998
2003-04-28,81.918
2003-04-29,82.12799999999999
2003-04-30,80.82600000000001
2003-05-01,78.50999999999999
2003-05-02,78.768
2003-05-05,73.80000000000001
2003-05-06,73.53600000000003
2003-05-07,72.018
2003-05-08,70.42200000000001
2003-05-09,68.83800000000002
2003-05-12,67.79400000000003
2003-05-13,65.62800000000001
2003-05-14,64.36800000000002
2003-05-15,65.826
2003-05-16,64.83000000000001
2003-05-19,65.81400000000001
2003-05-20,64.58999999999997
2003-05-21,64.392
2003-05-22,65.484
2003-05-23,63.53399999999999
2003-05-26,63.114
2003-05-27,64.488
2003-05-28,66.24000000000001
2003-05-29,64.80000000000001
2003-05-30,63.69600000000001
2003-06-01,63.69600000000001
2003-06-02,60.17400000000001
2003-06-03,59.74199999999999
2003-06-04,61.854
2003-06-05,59.772000000000006
2003-06-06,58.890000000000015
2003-06-09,60.774000000000015
2003-06-10,60.114
2003-06-11,58.764
2003-06-12,60.07799999999999
2003-06-13,61.53599999999999
2003-06-16,62.022000000000006
2003-06-17,62.45399999999999
2003-06-18,64.434
2003-06-19,65.484
2003-06-20,64.182
2003-06-23,62.68199999999999
2003-06-24,63.108
2003-06-25,59.610000000000014
2003-06-26,66.34800000000001
2003-06-27,66.18
2003-06-30,63.56400000000002
2003-07-01,63.036000000000016
2003-07-02,63.102
2003-07-03,62.80200000000001
2003-07-04,62.80200000000001
2003-07-07,63.77399999999999
2003-07-08,63.34799999999999
2003-07-09,62.748000000000005
2003-07-10,62.154
2003-07-11,61.45200000000001
2003-07-14,65.16000000000003
2003-07-15,64.25399999999999
2003-07-16,64.656
2003-07-17,63.93599999999999
2003-07-18,62.79600000000002
2003-07-21,63.83399999999999
2003-07-22,66.9
2003-07-23,67.44600000000001
2003-07-24,66.054
2003-07-25,67.2
2003-07-28,67.518
2003-07-29,67.03800000000001
2003-07-30,66.312
2003-07-31,66.534
2003-08-01,63.666
2003-08-04,66.72
2003-08-05,65.68799999999999
2003-08-06,66.642
2003-08-07,65.56200000000001
2003-08-08,65.76599999999999
2003-08-11,68.95200000000001
2003-08-12,69.12000000000002
2003-08-13,71.12400000000002
2003-08-14,71.88
2003-08-15,70.81200000000001
2003-08-18,74.73000000000003
2003-08-19,74.50200000000001
2003-08-20,74.36400000000003
2003-08-21,73.12200000000001
2003-08-22,73.41600000000001
2003-08-25,82.23600000000002
2003-08-26,80.74800000000002
2003-08-27,82.27200000000002
2003-08-28,81.70800000000001
2003-08-29,81.078
2003-09-01,80.65799999999999
2003-09-02,85.04399999999998
2003-09-03,85.338
2003-09-04,86.766
2003-09-05,86.376
2003-09-08,83.67599999999999
2003-09-09,82.81800000000001
2003-09-10,82.54199999999999
2003-09-11,83.562
2003-09-12,84.94200000000001
2003-09-15,83.844
2003-09-16,85.11599999999996
2003-09-17,86.45399999999998
2003-09-18,85.00199999999998
2003-09-19,85.57199999999997
2003-09-22,81.042
2003-09-23,81.20400000000001
2003-09-24,79.31400000000001
2003-09-25,78.678
2003-09-26,79.25400000000002
2003-09-29,74.50799999999998
2003-09-30,73.16399999999997
2003-10-01,72.864
2003-10-02,72.21
2003-10-03,71.01
2003-10-06,69.618
2003-10-07,69.714
2003-10-08,71.72399999999999
2003-10-09,69.63
2003-10-10,67.686
2003-10-13,67.902
2003-10-14,68.46600000000001
2003-10-15,68.286
2003-10-16,68.51399999999998
2003-10-17,70.16399999999997
2003-10-20,71.598
2003-10-21,72.05399999999999
2003-10-22,72.28800000000001
2003-10-23,72.03000000000002
2003-10-24,72.738
2003-10-27,69.96000000000001
2003-10-28,70.68
2003-10-29,72.03600000000003
2003-10-30,72.204
2003-10-31,71.67000000000002
2003-11-01,71.67000000000002
2003-11-03,71.574
2003-11-04,71.25600000000001
2003-11-05,68.72999999999999
2003-11-06,68.934
2003-11-07,67.95599999999999
2003-11-10,64.638
2003-11-11,64.542
2003-11-12,64.062
2003-11-13,63.258
2003-11-14,62.585999999999984
2003-11-17,62.964
2003-11-18,60.33000000000001
2003-11-19,60.786
2003-11-20,60.31800000000001
2003-11-21,61.93800000000002
2003-11-24,68.53799999999998
2003-11-25,68.406
2003-11-26,67.896
2003-11-27,67.896
2003-11-28,67.896
2003-12-01,67.032
2003-12-02,65.69999999999999
2003-12-03,66.342
2003-12-04,65.082
2003-12-05,66.09
2003-12-08,62.39400000000002
2003-12-09,62.676000000000016
2003-12-10,62.244000000000014
2003-12-11,61.84800000000001
2003-12-12,60.168000000000006
2003-12-15,59.040000000000006
2003-12-16,59.352
2003-12-17,59.688
2003-12-18,59.406000000000006
2003-12-19,61.08600000000001
2003-12-22,64.42800000000003
2003-12-23,63.72
2003-12-24,61.428000000000026
2003-12-26,61.428000000000026
2003-12-29,62.02799999999999
2003-12-30,61.74600000000001
2003-12-31,61.90199999999999
2004-01-01,61.90199999999999
2004-01-02,61.90199999999999
2004-01-05,64.26600000000002
2004-01-06,65.154
2004-01-07,64.602
2004-01-08,63.846
2004-01-09,64.64999999999998
2004-01-12,67.43999999999998
2004-01-13,69.126
2004-01-14,66.70200000000003
2004-01-15,68.052
2004-01-16,65.376
2004-01-19,68.316
2004-01-20,66.636
2004-01-21,69.55799999999999
2004-01-22,70.578
2004-01-23,70.78199999999998
2004-01-26,73.08600000000004
2004-01-27,74.26200000000003
2004-01-28,74.292
2004-01-29,76.05600000000003
2004-01-30,74.61000000000004
2004-02-01,74.61000000000004
2004-02-02,70.85400000000001
2004-02-03,70.146
2004-02-04,72.096
2004-02-05,70.95000000000002
2004-02-06,72.63000000000002
2004-02-09,73.42800000000003
2004-02-10,70.90799999999999
2004-02-11,71.376
2004-02-12,71.62200000000001
2004-02-13,71.106
2004-02-16,71.77799999999999
2004-02-17,69.91799999999998
2004-02-18,68.796
2004-02-19,67.07999999999998
2004-02-20,65.64000000000003
2004-02-23,67.554
2004-02-24,67.63199999999998
2004-02-25,65.274
2004-02-26,70.93199999999997
2004-02-27,70.05
2004-03-01,69.67199999999997
2004-03-02,69.41399999999996
2004-03-03,70.34399999999998
2004-03-04,68.27999999999997
2004-03-05,66.69599999999997
2004-03-08,69.792
2004-03-09,70.344
2004-03-10,70.08000000000001
2004-03-11,68.40599999999999
2004-03-12,70.08000000000001
2004-03-15,66.51600000000002
2004-03-16,66.67200000000001
2004-03-17,66.18
2004-03-18,66.75
2004-03-19,65.78400000000002
2004-03-22,69.57600000000002
2004-03-23,68.178
2004-03-24,69.756
2004-03-25,72.74999999999999
2004-03-26,73.098
2004-03-29,74.87400000000002
2004-03-30,73.49400000000003
2004-03-31,74.4
2004-04-01,76.72800000000001
2004-04-02,76.884
2004-04-05,78.69600000000003
2004-04-06,77.388
2004-04-07,74.91
2004-04-08,73.296
2004-04-09,73.296
2004-04-12,72.47999999999999
2004-04-13,73.90799999999999
2004-04-14,75.61200000000002
2004-04-15,73.428
2004-04-16,73.33799999999998
2004-04-19,76.15799999999999
2004-04-20,74.99399999999999
2004-04-21,77.40599999999999
2004-04-22,75.31199999999997
2004-04-23,76.416
2004-04-26,77.142
2004-04-27,76.06799999999998
2004-04-28,76.68
2004-04-29,76.458
2004-04-30,77.11199999999997
2004-05-01,77.11199999999997
2004-05-03,78.21000000000001
2004-05-04,77.08199999999998
2004-05-05,75.43199999999999
2004-05-06,76.482
2004-05-07,75.19200000000001
2004-05-10,84.69
2004-05-11,82.21199999999997
2004-05-12,82.33799999999998
2004-05-13,81.21599999999998
2004-05-14,79.692
2004-05-17,85.70400000000001
2004-05-18,87.696
2004-05-19,85.63200000000002
2004-05-20,86.56800000000003
2004-05-21,88.78800000000003
2004-05-24,88.10999999999999
2004-05-25,89.00999999999995
2004-05-26,91.09799999999996
2004-05-27,93.80399999999996
2004-05-28,92.44199999999998
2004-05-31,90.59400000000002
2004-06-01,85.95
2004-06-02,90.75
2004-06-03,92.17200000000004
2004-06-04,94.092
2004-06-07,91.992
2004-06-08,94.848
2004-06-09,94.76399999999998
2004-06-10,93.096
2004-06-11,93.096
2004-06-14,89.99399999999999
2004-06-15,91.362
2004-06-16,91.122
2004-06-17,89.55599999999998
2004-06-18,88.626
2004-06-21,85.80000000000001
2004-06-22,85.21199999999997
2004-06-23,86.39999999999998
2004-06-24,86.27999999999997
2004-06-25,87.35399999999998
2004-06-28,88.10400000000001
2004-06-29,89.59199999999998
2004-06-30,87.56400000000001
2004-07-01,85.28999999999999
2004-07-02,85.73400000000001
2004-07-05,83.71799999999999
2004-07-06,80.69399999999996
2004-07-07,81.582
2004-07-08,79.19399999999999
2004-07-09,79.422
2004-07-12,82.90200000000003
2004-07-13,82.57200000000002
2004-07-14,79.45800000000003
2004-07-15,80.42399999999999
2004-07-16,79.35
2004-07-19,79.848
2004-07-20,80.86799999999998
2004-07-21,81.76799999999997
2004-07-22,80.68199999999999
2004-07-23,80.33999999999997
2004-07-26,78.468
2004-07-27,77.58000000000003
2004-07-28,75.39600000000002
2004-07-29,75.714
2004-07-30,73.75800000000001
2004-08-01,73.75800000000001
2004-08-02,71.83200000000002
2004-08-03,71.60400000000001
2004-08-04,74.54400000000004
2004-08-05,71.07600000000002
2004-08-06,71.63999999999999
2004-08-09,69.036
2004-08-10,70.00199999999998
2004-08-11,68.406
2004-08-12,66.846
2004-08-13,64.75200000000001
2004-08-16,65.976
2004-08-17,64.92000000000002
2004-08-18,63.384000000000015
2004-08-19,60.99600000000001
2004-08-20,62.916
2004-08-23,67.92600000000002
2004-08-24,68.21400000000003
2004-08-25,71.79000000000002
2004-08-26,74.10000000000002
2004-08-27,74.32800000000003
2004-08-30,73.46399999999997
2004-08-31,73.98599999999999
2004-09-01,70.76999999999998
2004-09-02,70.52999999999997
2004-09-03,70.41
2004-09-06,69.40200000000002
2004-09-07,71.17800000000003
2004-09-08,72.28200000000001
2004-09-09,70.06800000000001
2004-09-10,72.576
2004-09-13,70.98600000000002
2004-09-14,70.05000000000001
2004-09-15,71.37
2004-09-16,71.69399999999999
2004-09-17,68.27999999999997
2004-09-20,68.57399999999998
2004-09-21,67.74600000000001
2004-09-22,65.27400000000003
2004-09-23,65.89800000000002
2004-09-24,64.93200000000002
2004-09-27,68.292
2004-09-28,67.65
2004-09-29,68.256
2004-09-30,69.006
2004-10-01,67.45800000000003
2004-10-04,68.22
2004-10-05,65.41199999999998
2004-10-06,63.17400000000001
2004-10-07,61.68599999999998
2004-10-08,60.51000000000002
2004-10-11,64.17000000000002
2004-10-12,63.684
2004-10-13,65.05200000000002
2004-10-14,64.41000000000003
2004-10-15,63.894000000000005
2004-10-18,68.928
2004-10-19,70.10999999999999
2004-10-20,67.30200000000002
2004-10-21,69.35999999999999
2004-10-22,65.904
2004-10-25,65.112
2004-10-26,62.982
2004-10-27,71.172
2004-10-28,73.94999999999996
2004-10-29,71.71199999999999
2004-11-01,75.36599999999999
2004-11-02,75.606
2004-11-03,73.30200000000002
2004-11-04,76.83000000000004
2004-11-05,75.07800000000003
2004-11-08,73.24200000000002
2004-11-09,77.418
2004-11-10,76.20599999999999
2004-11-11,78.126
2004-11-12,78.76800000000003
2004-11-15,76.12199999999996
2004-11-16,78.0
2004-11-17,79.15199999999999
2004-11-18,81.68400000000003
2004-11-19,76.23599999999999
2004-11-22,74.136
2004-11-23,73.566
2004-11-24,72.49199999999996
2004-11-25,72.49199999999996
2004-11-26,72.49199999999996
2004-11-29,70.53
2004-11-30,70.41600000000003
2004-12-01,78.14999999999998
2004-12-02,81.96000000000001
2004-12-03,83.03399999999999
2004-12-06,79.56600000000003
2004-12-07,82.53
2004-12-08,82.65
2004-12-09,82.89600000000002
2004-12-10,84.72000000000003
2004-12-13,79.63799999999998
2004-12-14,79.42799999999997
2004-12-15,75.858
2004-12-16,75.588
2004-12-17,71.57399999999998
2004-12-20,70.01399999999998
2004-12-21,69.57
2004-12-22,73.39800000000002
2004-12-23,77.59200000000001
2004-12-24,77.59200000000001
2004-12-27,73.70400000000001
2004-12-28,72.9
2004-12-29,68.76600000000002
2004-12-30,68.87400000000002
2004-12-31,68.87400000000002
2005-01-01,68.87400000000002
2005-01-03,69.11400000000003
2005-01-04,65.77200000000002
2005-01-05,66.58200000000002
2005-01-06,62.634000000000015
2005-01-07,63.372000000000014
2005-01-10,66.13199999999998
2005-01-11,65.66999999999999
2005-01-12,63.774
2005-01-13,60.37799999999999
2005-01-14,59.856
2005-01-17,62.46000000000001
2005-01-18,62.01600000000002
2005-01-19,64.69200000000001
2005-01-20,66.87
2005-01-21,64.94399999999999
2005-01-24,67.86600000000001
2005-01-25,66.162
2005-01-26,67.33800000000002
2005-01-27,66.54000000000002
2005-01-28,69.22200000000001
2005-01-31,70.416
2005-02-01,73.31999999999996
2005-02-02,73.91399999999999
2005-02-03,73.99199999999999
2005-02-04,73.75799999999995
2005-02-07,74.66399999999999
2005-02-08,74.976
2005-02-09,75.58199999999997
2005-02-10,72.84
2005-02-11,72.162
2005-02-14,69.43199999999999
2005-02-15,69.738
2005-02-16,68.72999999999999
2005-02-17,70.14599999999999
2005-02-18,68.80799999999996
2005-02-21,69.22799999999995
2005-02-22,65.14799999999997
2005-02-23,65.142
2005-02-24,63.09
2005-02-25,62.76599999999996
2005-02-28,67.476
2005-03-01,67.96799999999999
2005-03-02,65.65799999999996
2005-03-03,62.80799999999997
2005-03-04,62.38199999999995
2005-03-07,67.70400000000004
2005-03-08,67.35000000000002
2005-03-09,66.49800000000002
2005-03-10,69.60000000000002
2005-03-11,68.59800000000001
2005-03-14,71.63400000000001
2005-03-15,71.77200000000005
2005-03-16,69.43800000000002
2005-03-17,68.85600000000002
2005-03-18,67.48800000000006
2005-03-21,72.44999999999999
2005-03-22,72.97800000000001
2005-03-23,92.83200000000002
2005-03-24,92.106
2005-03-28,82.09199999999998
2005-03-29,82.374
2005-03-30,84.99600000000004
2005-03-31,83.214
2005-04-01,79.17000000000002
2005-04-04,84.15000000000003
2005-04-05,85.77000000000001
2005-04-06,84.066
2005-04-07,86.24400000000006
2005-04-08,87.37800000000004
2005-04-11,90.74400000000004
2005-04-12,95.868
2005-04-13,99.64800000000002
2005-04-14,98.29200000000004
2005-04-15,99.03600000000004
2005-04-18,94.18200000000002
2005-04-19,90.474
2005-04-20,90.618
2005-04-21,91.842
2005-04-22,87.29400000000001
2005-04-25,88.53
2005-04-26,85.18799999999999
2005-04-27,92.388
2005-04-28,91.24200000000002
2005-04-29,96.33599999999998
2005-05-01,96.33599999999998
2005-05-02,92.54399999999998
2005-05-03,95.51399999999998
2005-05-04,94.662
2005-05-05,91.71
2005-05-06,90.834
2005-05-09,83.91000000000003
2005-05-10,84.792
2005-05-11,87.18
2005-05-12,90.81
2005-05-13,91.14
2005-05-16,88.90199999999999
2005-05-17,88.71000000000001
2005-05-18,93.768
2005-05-19,95.04
2005-05-20,93.492
2005-05-23,85.84200000000001
2005-05-24,85.34399999999997
2005-05-25,83.25
2005-05-26,82.48799999999997
2005-05-27,80.50200000000001
2005-05-30,78.31800000000004
2005-05-31,77.07000000000002
2005-06-01,73.38600000000002
2005-06-02,76.33200000000002
2005-06-03,74.07600000000002
2005-06-06,78.32999999999998
2005-06-07,79.97999999999999
2005-06-08,81.828
2005-06-09,79.344
2005-06-10,81.22800000000001
2005-06-13,79.79400000000001
2005-06-14,79.81200000000004
2005-06-15,77.30400000000003
2005-06-16,74.70600000000002
2005-06-17,70.33200000000005
2005-06-20,70.56600000000003
2005-06-21,69.92400000000004
2005-06-22,72.024
2005-06-23,71.03399999999999
2005-06-24,69.036
2005-06-27,74.04599999999999
2005-06-28,76.53599999999997
2005-06-29,78.96600000000001
2005-06-30,81.39599999999999
2005-07-01,77.48400000000001
2005-07-04,77.73600000000002
2005-07-05,76.77600000000001
2005-07-06,74.66400000000002
2005-07-07,74.59200000000001
2005-07-08,75.85200000000003
2005-07-11,84.726
2005-07-12,83.29799999999997
2005-07-13,82.87799999999999
2005-07-14,87.53999999999996
2005-07-15,86.03399999999999
2005-07-18,86.39400000000003
2005-07-19,85.25999999999999
2005-07-20,86.00999999999999
2005-07-21,83.05199999999996
2005-07-22,82.572
2005-07-25,79.578
2005-07-26,77.412
2005-07-27,77.874
2005-07-28,76.67999999999998
2005-07-29,74.07
2005-08-01,73.602
2005-08-02,72.648
2005-08-03,74.46599999999998
2005-08-04,73.24799999999999
2005-08-05,71.988
2005-08-08,77.25
2005-08-09,79.15799999999999
2005-08-10,76.92000000000002
2005-08-11,77.334
2005-08-12,74.08800000000002
2005-08-15,90.49800000000003
2005-08-16,90.37800000000004
2005-08-17,95.26800000000004
2005-08-18,95.316
2005-08-19,90.666
2005-08-22,94.80600000000004
2005-08-23,94.93200000000002
2005-08-24,93.49800000000002
2005-08-25,92.34000000000005
2005-08-26,95.17800000000004
2005-08-29,94.206
2005-08-30,93.55200000000004
2005-08-31,96.97199999999998
2005-09-01,99.738
2005-09-02,101.33399999999996
2005-09-05,139.638
2005-09-06,141.156
2005-09-07,143.49
2005-09-08,140.25600000000003
2005-09-09,140.808
2005-09-12,128.868
2005-09-13,130.58400000000003
2005-09-14,128.30399999999997
2005-09-15,128.178
2005-09-16,130.84799999999998
2005-09-19,111.39600000000002
2005-09-20,113.97000000000004
2005-09-21,113.99400000000004
2005-09-22,111.774
2005-09-23,115.36199999999997
2005-09-26,119.79000000000002
2005-09-27,123.16199999999998
2005-09-28,122.808
2005-09-29,119.42399999999998
2005-09-30,119.94
2005-10-01,119.94
2005-10-03,134.20800000000003
2005-10-04,138.648
2005-10-05,140.00400000000002
2005-10-06,141.07800000000003
2005-10-07,140.7
2005-10-10,137.11199999999997
2005-10-11,129.696
2005-10-12,127.608
2005-10-13,129.92400000000004
2005-10-14,129.312
2005-10-17,114.82799999999996
2005-10-18,116.22600000000006
2005-10-19,118.75800000000004
2005-10-20,120.036
2005-10-21,120.04800000000006
2005-10-24,106.77599999999998
2005-10-25,104.418
2005-10-26,109.224
2005-10-27,108.17999999999998
2005-10-28,107.49600000000004
2005-10-31,99.10200000000005
2005-11-01,98.19599999999996
2005-11-02,97.99200000000002
2005-11-03,93.61199999999997
2005-11-04,96.11399999999998
2005-11-07,91.188
2005-11-08,89.69999999999993
2005-11-09,91.19400000000002
2005-11-10,93.93
2005-11-11,94.55999999999996
2005-11-14,87.59999999999997
2005-11-15,87.108
2005-11-16,86.976
2005-11-17,90.87599999999998
2005-11-18,90.99600000000004
2005-11-21,79.42200000000003
2005-11-22,79.62000000000006
2005-11-23,77.118
2005-11-24,77.118
2005-11-25,77.118
2005-11-28,74.12400000000002
2005-11-29,75.64800000000002
2005-11-30,74.04599999999999
2005-12-01,73.21800000000002
2005-12-02,72.30599999999998
2005-12-05,71.51399999999998
2005-12-06,70.90199999999999
2005-12-07,71.178
2005-12-08,69.34799999999998
2005-12-09,70.28399999999999
2005-12-12,70.73400000000001
2005-12-13,73.21199999999999
2005-12-14,74.71199999999999
2005-12-15,75.24599999999998
2005-12-16,79.18799999999999
2005-12-19,83.346
2005-12-20,83.69400000000002
2005-12-21,83.04000000000002
2005-12-22,83.76599999999996
2005-12-23,82.29599999999999
2005-12-26,80.868
2005-12-27,77.68800000000002
2005-12-28,75.21600000000001
2005-12-29,74.244
2005-12-30,72.85199999999998
2006-01-01,72.85199999999998
2006-01-02,76.88400000000001
2006-01-03,72.91800000000006
2006-01-04,72.564
2006-01-05,73.01999999999998
2006-01-06,69.82800000000003
2006-01-09,76.90200000000004
2006-01-10,76.68000000000004
2006-01-11,74.46600000000004
2006-01-12,73.60200000000003
2006-01-13,73.73400000000004
2006-01-16,71.71800000000002
2006-01-17,67.536
2006-01-18,67.23599999999999
2006-01-19,65.91000000000003
2006-01-20,65.53800000000004
2006-01-23,66.048
2006-01-24,68.226
2006-01-25,70.57200000000003
2006-01-26,70.05600000000004
2006-01-27,65.32799999999997
2006-01-30,66.702
2006-01-31,66.31200000000001
2006-02-01,69.51600000000002
2006-02-02,74.12399999999997
2006-02-03,71.68800000000002
2006-02-06,69.10200000000003
2006-02-07,72.37800000000001
2006-02-08,73.12199999999999
2006-02-09,72.71399999999997
2006-02-10,74.58000000000001
2006-02-13,71.11799999999997
2006-02-14,74.68200000000002
2006-02-15,80.85000000000002
2006-02-16,80.41199999999998
2006-02-17,77.54999999999998
2006-02-20,74.106
2006-02-21,70.17599999999999
2006-02-22,76.25399999999999
2006-02-23,80.388
2006-02-24,72.786
2006-02-27,75.27000000000001
2006-02-28,75.61800000000002
2006-03-01,75.25200000000004
2006-03-02,73.72200000000004
2006-03-03,72.97200000000004
2006-03-06,80.91600000000005
2006-03-07,82.21200000000002
2006-03-08,85.47000000000003
2006-03-09,85.88400000000004
2006-03-10,85.92000000000004
2006-03-13,85.46999999999997
2006-03-14,84.72599999999997
2006-03-15,86.166
2006-03-16,83.418
2006-03-17,84.40199999999999
2006-03-20,101.73000000000002
2006-03-21,102.9
2006-03-22,102.82200000000005
2006-03-23,98.66400000000002
2006-03-24,93.228
2006-03-27,92.12400000000002
2006-03-28,88.02000000000001
2006-03-29,88.02000000000004
2006-03-30,86.75999999999999
2006-03-31,87.39600000000002
2006-04-01,87.39600000000002
2006-04-03,95.37000000000006
2006-04-04,96.62400000000002
2006-04-05,94.34999999999997
2006-04-06,93.054
2006-04-07,93.738
2006-04-10,100.764
2006-04-11,98.754
2006-04-12,100.506
2006-04-13,98.72399999999996
2006-04-14,98.72399999999996
2006-04-17,106.536
2006-04-18,104.39399999999998
2006-04-19,102.61200000000002
2006-04-20,101.976
2006-04-21,98.68199999999996
2006-04-24,116.736
2006-04-25,126.48599999999992
2006-04-26,111.67200000000004
2006-04-27,112.67399999999998
2006-04-28,110.394
2006-05-01,105.80399999999996
2006-05-02,103.866
2006-05-03,107.712
2006-05-04,112.536
2006-05-05,112.24800000000002
2006-05-08,110.79000000000002
2006-05-09,109.25400000000002
2006-05-10,107.706
2006-05-11,106.038
2006-05-12,107.832
2006-05-15,113.928
2006-05-16,114.02399999999996
2006-05-17,114.84599999999998
2006-05-18,113.502
2006-05-19,115.76999999999998
2006-05-22,108.108
2006-05-23,105.138
2006-05-24,107.26200000000004
2006-05-25,105.43200000000002
2006-05-26,103.806
2006-05-29,102.378
2006-05-30,102.516
2006-05-31,102.0
2006-06-01,104.796
2006-06-02,99.54000000000002
2006-06-05,102.53999999999996
2006-06-06,103.08599999999996
2006-06-07,105.11399999999996
2006-06-08,107.06399999999996
2006-06-09,105.17999999999996
2006-06-12,108.612
2006-06-13,111.618
2006-06-14,109.95
2006-06-15,108.222
2006-06-16,107.178
2006-06-19,103.75800000000004
2006-06-20,103.82400000000008
2006-06-21,101.85000000000008
2006-06-22,102.42600000000004
2006-06-23,102.91200000000003
2006-06-26,100.404
2006-06-27,99.06
2006-06-28,97.45799999999994
2006-06-29,97.39799999999995
2006-06-30,99.438
2006-07-01,99.438
2006-07-03,105.906
2006-07-04,105.906
2006-07-05,98.76600000000002
2006-07-06,98.31600000000005
2006-07-07,100.356
2006-07-10,102.35399999999998
2006-07-11,103.05600000000004
2006-07-12,100.86600000000004
2006-07-13,99.642
2006-07-14,97.452
2006-07-17,100.75199999999997
2006-07-18,104.772
2006-07-19,106.79399999999998
2006-07-20,102.24
2006-07-21,105.14999999999998
2006-07-24,105.14999999999998
2006-07-25,106.25400000000002
2006-07-26,105.80400000000004
2006-07-27,106.872
2006-07-28,108.83400000000006
2006-07-31,112.866
2006-08-01,107.43
2006-08-02,106.59600000000005
2006-08-03,107.46599999999998
2006-08-04,108.59399999999997
2006-08-07,108.75600000000004
2006-08-08,109.73399999999998
2006-08-09,109.30200000000004
2006-08-10,112.65000000000003
2006-08-11,112.18800000000005
2006-08-14,110.59199999999998
2006-08-15,112.11
2006-08-16,115.788
2006-08-17,119.08799999999997
2006-08-18,117.24599999999998
2006-08-21,107.35199999999998
2006-08-22,107.514
2006-08-23,109.76399999999995
2006-08-24,110.406
2006-08-25,108.98399999999998
2006-08-28,105.102
2006-08-29,106.28400000000003
2006-08-30,105.57599999999996
2006-08-31,103.86
2006-09-01,110.05200000000002
2006-09-04,99.97200000000004
2006-09-05,98.56799999999998
2006-09-06,99.024
2006-09-07,98.526
2006-09-08,99.88800000000003
2006-09-11,92.07000000000004
2006-09-12,94.96800000000002
2006-09-13,93.624
2006-09-14,94.78199999999998
2006-09-15,94.73400000000004
2006-09-18,83.66399999999996
2006-09-19,88.32
2006-09-20,91.866
2006-09-21,88.602
2006-09-22,91.99199999999996
2006-09-25,79.69200000000004
2006-09-26,80.10599999999997
2006-09-27,76.35000000000002
2006-09-28,77.55599999999998
2006-09-29,77.16000000000003
2006-10-01,77.16000000000003
2006-10-02,75.54599999999999
2006-10-03,80.57399999999996
2006-10-04,79.12199999999999
2006-10-05,78.57599999999996
2006-10-06,80.05799999999996
2006-10-09,76.91400000000002
2006-10-10,79.524
2006-10-11,81.672
2006-10-12,80.964
2006-10-13,80.382
2006-10-16,77.14200000000002
2006-10-17,79.21799999999999
2006-10-18,81.53999999999999
2006-10-19,79.54200000000003
2006-10-20,81.54599999999999
2006-10-23,81.94800000000001
2006-10-24,80.48400000000004
2006-10-25,77.922
2006-10-26,72.36599999999999
2006-10-27,70.84199999999998
2006-10-30,76.09800000000004
2006-10-31,77.81400000000002
2006-11-01,75.36599999999999
2006-11-02,77.97000000000006
2006-11-03,75.87000000000003
2006-11-06,73.68600000000004
2006-11-07,75.642
2006-11-08,74.01600000000002
2006-11-09,71.48400000000001
2006-11-10,73.94400000000002
2006-11-13,77.74199999999999
2006-11-14,78.96600000000001
2006-11-15,78.696
2006-11-16,84.864
2006-11-17,86.40000000000003
2006-11-20,85.21800000000002
2006-11-21,82.88399999999999
2006-11-22,82.93199999999999
2006-11-23,82.93199999999999
2006-11-24,82.93199999999999
2006-11-27,75.25800000000004
2006-11-28,74.21400000000003
2006-11-29,72.58800000000002
2006-11-30,72.624
2006-12-01,72.25200000000004
2006-12-04,77.976
2006-12-05,77.69400000000002
2006-12-06,78.20999999999998
2006-12-07,76.68600000000004
2006-12-08,76.36200000000002
2006-12-11,76.83000000000001
2006-12-12,77.05199999999996
2006-12-13,77.22
2006-12-14,75.39600000000002
2006-12-15,72.80400000000003
2006-12-18,75.846
2006-12-19,72.96600000000004
2006-12-20,73.47000000000003
2006-12-21,75.46800000000002
2006-12-22,77.61600000000004
2006-12-25,78.70800000000003
2006-12-26,77.148
2006-12-27,79.05000000000001
2006-12-28,79.31400000000002
2006-12-29,78.144
2007-01-01,77.55599999999998
2007-01-02,80.44199999999995
2007-01-03,82.15199999999999
2007-01-04,88.368
2007-01-05,87.95999999999998
2007-01-08,84.684
2007-01-09,86.31
2007-01-10,89.51999999999998
2007-01-11,94.8
2007-01-12,92.406
2007-01-15,85.26600000000002
2007-01-16,89.61600000000001
2007-01-17,87.33000000000004
2007-01-18,91.734
2007-01-19,89.298
2007-01-22,86.19600000000005
2007-01-23,81.30000000000004
2007-01-24,79.70400000000004
2007-01-25,81.70200000000003
2007-01-26,77.67000000000002
2007-01-29,81.15
2007-01-30,75.912
2007-01-31,74.08800000000002
2007-02-01,75.53999999999999
2007-02-02,71.65200000000002
2007-02-05,75.08999999999997
2007-02-06,75.01799999999997
2007-02-07,77.57399999999996
2007-02-08,73.81199999999998
2007-02-09,73.512
2007-02-12,80.274
2007-02-13,78.756
2007-02-14,79.512
2007-02-15,79.20600000000002
2007-02-16,76.46399999999997
2007-02-19,80.91599999999997
2007-02-20,83.172
2007-02-21,81.52800000000002
2007-02-22,80.52599999999998
2007-02-23,81.53400000000002
2007-02-26,85.78799999999998
2007-02-27,85.68
2007-02-28,85.85399999999996
2007-03-01,85.11600000000001
2007-03-02,85.69799999999998
2007-03-05,98.94
2007-03-06,98.11799999999997
2007-03-07,95.30399999999996
2007-03-08,95.79599999999996
2007-03-09,98.36399999999998
2007-03-12,103.90800000000002
2007-03-13,107.22599999999996
2007-03-14,107.16000000000004
2007-03-15,108.168
2007-03-16,109.96800000000002
2007-03-19,112.16400000000004
2007-03-20,112.17
2007-03-21,110.25
2007-03-22,102.49200000000002
2007-03-23,99.576
2007-03-26,102.43200000000002
2007-03-27,99.348
2007-03-28,97.21800000000002
2007-03-29,93.60000000000004
2007-03-30,94.122
2007-04-01,94.122
2007-04-02,101.412
2007-04-03,104.682
2007-04-04,106.554
2007-04-05,106.72199999999998
2007-04-06,106.72199999999998
2007-04-09,122.658
2007-04-10,123.108
2007-04-11,123.39
2007-04-12,119.4
2007-04-13,119.44799999999996
2007-04-16,124.48799999999996
2007-04-17,123.64799999999995
2007-04-18,123.81599999999996
2007-04-19,127.68
2007-04-20,123.48000000000002
2007-04-23,119.76599999999996
2007-04-24,121.566
2007-04-25,120.10199999999998
2007-04-26,120.474
2007-04-27,117.16199999999998
2007-04-30,127.782
2007-05-01,131.53799999999995
2007-05-02,131.89200000000002
2007-05-03,133.70999999999998
2007-05-04,136.848
2007-05-07,143.664
2007-05-08,142.374
2007-05-09,144.15599999999995
2007-05-10,145.07399999999996
2007-05-11,144.32999999999998
2007-05-14,148.77000000000004
2007-05-15,147.65400000000002
2007-05-16,148.626
2007-05-17,144.45
2007-05-18,143.47799999999995
2007-05-21,152.832
2007-05-22,155.256
2007-05-23,155.61
2007-05-24,159.924
2007-05-25,157.518
2007-05-28,156.17399999999995
2007-05-29,157.89600000000002
2007-05-30,156.636
2007-05-31,155.784
2007-06-01,153.91799999999998
2007-06-04,147.10800000000006
2007-06-05,148.93800000000005
2007-06-06,148.21200000000002
2007-06-07,145.29000000000002
2007-06-08,148.63200000000003
2007-06-11,138.546
2007-06-12,139.71000000000004
2007-06-13,139.29600000000005
2007-06-14,137.298
2007-06-15,135.702
2007-06-18,127.89600000000002
2007-06-19,127.374
2007-06-20,129.66000000000005
2007-06-21,129.81600000000006
2007-06-22,128.90400000000008
2007-06-25,127.074
2007-06-26,128.544
2007-06-27,126.07800000000005
2007-06-28,123.93600000000004
2007-06-29,121.44000000000004
2007-07-01,121.44000000000004
2007-07-02,119.562
2007-07-03,118.78799999999998
2007-07-04,118.78799999999998
2007-07-05,118.428
2007-07-06,115.79399999999998
2007-07-09,120.58800000000002
2007-07-10,119.86800000000004
2007-07-11,119.60400000000004
2007-07-12,119.77800000000002
2007-07-13,116.22000000000004
2007-07-16,119.71800000000002
2007-07-17,118.992
2007-07-18,118.386
2007-07-19,116.36399999999996
2007-07-20,116.92799999999995
2007-07-23,108.94199999999998
2007-07-24,111.45000000000005
2007-07-25,106.38600000000002
2007-07-26,107.13
2007-07-27,102.516
2007-07-30,95.37600000000003
2007-07-31,92.70600000000002
2007-08-01,96.24000000000008
2007-08-02,95.10600000000002
2007-08-03,97.54800000000004
2007-08-06,101.472
2007-08-07,101.39999999999998
2007-08-08,102.00599999999996
2007-08-09,104.42399999999998
2007-08-10,104.52000000000004
2007-08-13,98.47799999999998
2007-08-14,96.58199999999997
2007-08-15,95.42399999999998
2007-08-16,101.69400000000002
2007-08-17,99.38399999999992
2007-08-20,102.89999999999998
2007-08-21,106.53000000000004
2007-08-22,107.10000000000002
2007-08-23,105.83999999999996
2007-08-24,103.632
2007-08-27,100.404
2007-08-28,99.29399999999998
2007-08-29,96.036
2007-08-30,96.23399999999998
2007-08-31,95.118
2007-09-01,95.118
2007-09-03,100.32600000000002
2007-09-04,98.86200000000002
2007-09-05,97.10400000000004
2007-09-06,96.60600000000002
2007-09-07,95.94599999999996
2007-09-10,97.02599999999998
2007-09-11,94.968
2007-09-12,91.28400000000002
2007-09-13,90.894
2007-09-14,93.16199999999998
2007-09-17,85.572
2007-09-18,83.86799999999994
2007-09-19,81.75600000000003
2007-09-20,76.59600000000003
2007-09-21,77.79600000000005
2007-09-24,81.41399999999993
2007-09-25,83.70599999999996
2007-09-26,86.58599999999996
2007-09-27,81.75
2007-09-28,83.98199999999997
2007-10-01,83.64600000000002
2007-10-02,83.56799999999998
2007-10-03,84.20399999999998
2007-10-04,82.488
2007-10-05,82.36199999999997
2007-10-08,84.936
2007-10-09,82.12200000000001
2007-10-10,80.298
2007-10-11,76.35000000000002
2007-10-12,74.43599999999998
2007-10-15,68.40000000000003
2007-10-16,65.154
2007-10-17,65.44200000000001
2007-10-18,60.54599999999999
2007-10-19,62.111999999999966
2007-10-22,69.37800000000004
2007-10-23,72.44999999999999
2007-10-24,69.0
2007-10-25,60.108
2007-10-26,62.322
2007-10-29,63.125999999999976
2007-10-30,70.512
2007-10-31,62.928
2007-11-01,64.43999999999994
2007-11-02,60.120000000000005
2007-11-05,77.04599999999999
2007-11-06,71.92199999999997
2007-11-07,72.072
2007-11-08,74.67000000000002
2007-11-09,72.49800000000005
2007-11-12,84.2159999999999
2007-11-13,91.31399999999996
2007-11-14,85.52399999999994
2007-11-15,87.30599999999993
2007-11-16,84.24599999999998
2007-11-19,80.04000000000002
2007-11-20,73.632
2007-11-21,75.108
2007-11-22,75.108
2007-11-23,76.89600000000002
2007-11-26,77.66999999999996
2007-11-27,86.262
2007-11-28,94.95000000000005
2007-11-29,93.34199999999998
2007-11-30,97.20600000000002
2007-12-01,97.20600000000002
2007-12-03,92.53199999999998
2007-12-04,94.84199999999998
2007-12-05,96.11999999999996
2007-12-06,90.366
2007-12-07,94.536
2007-12-10,88.96800000000002
2007-12-11,83.02799999999996
2007-12-12,75.28199999999993
2007-12-13,81.168
2007-12-14,83.952
2007-12-17,85.72800000000001
2007-12-18,86.286
2007-12-19,84.51000000000005
2007-12-20,84.78000000000003
2007-12-21,78.64800000000002
2007-12-24,73.90800000000002
2007-12-25,73.90800000000002
2007-12-26,70.21199999999999
2007-12-27,69.67200000000003
2007-12-28,70.16999999999996
2007-12-31,77.71799999999996
2008-01-01,77.71799999999996
2008-01-02,70.46999999999997
2008-01-03,70.99800000000005
2008-01-04,73.33799999999997
2008-01-07,83.142
2008-01-08,80.22599999999994
2008-01-09,81.798
2008-01-10,85.19400000000002
2008-01-11,87.26400000000001
2008-01-14,81.36599999999999
2008-01-15,86.76599999999996
2008-01-16,88.80000000000001
2008-01-17,89.82
2008-01-18,88.92000000000002
2008-01-21,84.72000000000003
2008-01-22,85.72800000000001
2008-01-23,90.85799999999996
2008-01-24,85.08600000000001
2008-01-25,85.93200000000002
2008-01-28,80.964
2008-01-29,79.83599999999996
2008-01-30,77.79599999999999
2008-01-31,79.00800000000004
2008-02-01,83.94599999999997
2008-02-04,83.34600000000006
2008-02-05,86.70600000000002
2008-02-06,89.05200000000002
2008-02-07,88.29599999999999
2008-02-08,80.976
2008-02-11,76.19400000000002
2008-02-12,77.61600000000004
2008-02-13,77.28599999999994
2008-02-14,72.75599999999997
2008-02-15,71.844
2008-02-18,79.23599999999999
2008-02-19,70.00800000000004
2008-02-20,67.69200000000001
2008-02-21,73.21800000000002
2008-02-22,74.10599999999994
2008-02-25,80.21999999999997
2008-02-26,77.48400000000004
2008-02-27,79.02000000000004
2008-02-28,73.35000000000008
2008-02-29,74.17200000000003
2008-03-01,74.17200000000003
2008-03-03,76.452
2008-03-04,82.91399999999999
2008-03-05,75.19199999999995
2008-03-06,73.60799999999995
2008-03-07,74.18999999999994
2008-03-10,72.10799999999995
2008-03-11,69.57600000000002
2008-03-12,67.53000000000003
2008-03-13,71.77200000000005
2008-03-14,73.99199999999996
2008-03-17,88.29000000000002
2008-03-18,77.76600000000002
2008-03-19,92.82000000000004
2008-03-20,92.88600000000002
2008-03-21,92.88600000000002
2008-03-24,94.152
2008-03-25,92.77800000000002
2008-03-26,86.04600000000005
2008-03-27,84.04800000000006
2008-03-28,87.39600000000007
2008-03-31,98.41199999999992
2008-04-01,92.75399999999996
2008-04-02,86.94599999999997
2008-04-03,88.41599999999994
2008-04-04,83.71199999999999
2008-04-07,82.26599999999996
2008-04-08,84.63599999999997
2008-04-09,82.62599999999998
2008-04-10,83.78399999999999
2008-04-11,83.48999999999995
2008-04-14,83.40000000000003
2008-04-15,80.07600000000008
2008-04-16,76.18800000000005
2008-04-17,75.76800000000003
2008-04-18,71.03400000000005
2008-04-21,78.90000000000003
2008-04-22,73.74599999999998
2008-04-23,73.54199999999997
2008-04-24,77.18400000000008
2008-04-25,71.45400000000001
2008-04-28,81.84599999999995
2008-04-29,88.69799999999998
2008-04-30,92.63399999999996
2008-05-01,92.70000000000005
2008-05-02,85.32599999999996
2008-05-05,78.91199999999998
2008-05-06,75.37200000000001
2008-05-07,74.18400000000003
2008-05-08,76.49399999999997
2008-05-09,75.15000000000003
2008-05-12,87.084
2008-05-13,87.82799999999997
2008-05-14,89.70600000000002
2008-05-15,89.71199999999999
2008-05-16,86.27999999999997
2008-05-19,89.03399999999993
2008-05-20,87.26399999999995
2008-05-21,82.05599999999993
2008-05-22,91.53599999999994
2008-05-23,83.93399999999997
2008-05-26,96.618
2008-05-27,101.442
2008-05-28,96.132
2008-05-29,103.488
2008-05-30,99.81600000000005
2008-06-01,99.81600000000005
2008-06-02,103.572
2008-06-03,109.67399999999998
2008-06-04,111.85800000000006
2008-06-05,100.63799999999998
2008-06-06,80.40600000000006
2008-06-09,93.54000000000002
2008-06-10,99.906
2008-06-11,91.60199999999998
2008-06-12,88.10399999999998
2008-06-13,90.156
2008-06-16,92.45999999999992
2008-06-17,94.30199999999992
2008-06-18,87.91199999999992
2008-06-19,96.34799999999996
2008-06-20,89.91599999999994
2008-06-23,87.78600000000006
2008-06-24,86.67599999999999
2008-06-25,91.866
2008-06-26,82.524
2008-06-27,81.48600000000005
2008-06-30,81.76800000000003
2008-07-01,80.06400000000002
2008-07-02,77.77800000000002
2008-07-03,73.82400000000001
2008-07-04,73.82400000000001
2008-07-07,82.42200000000003
2008-07-08,91.15799999999996
2008-07-09,92.41200000000003
2008-07-10,83.87400000000002
2008-07-11,75.084
2008-07-14,74.44200000000001
2008-07-15,87.74999999999994
2008-07-16,96.79200000000004
2008-07-17,108.14999999999998
2008-07-18,108.024
2008-07-21,99.20999999999998
2008-07-22,108.012
2008-07-23,112.98600000000005
2008-07-24,111.49199999999996
2008-07-25,115.73400000000004
2008-07-28,102.24600000000004
2008-07-29,105.65999999999995
2008-07-30,94.67400000000004
2008-07-31,99.024
2008-08-01,95.35199999999998
2008-08-04,97.10399999999991
2008-08-05,102.13199999999996
2008-08-06,100.284
2008-08-07,96.60000000000002
2008-08-08,104.94599999999996
2008-08-11,102.38399999999996
2008-08-12,104.68200000000002
2008-08-13,98.49599999999998
2008-08-14,100.09199999999998
2008-08-15,105.74400000000004
2008-08-18,101.106
2008-08-19,98.71199999999992
2008-08-20,97.584
2008-08-21,85.75200000000001
2008-08-22,98.77799999999996
2008-08-25,95.31600000000005
2008-08-26,93.16199999999998
2008-08-27,89.55600000000004
2008-08-28,93.92399999999998
2008-08-29,93.09000000000005
2008-09-01,93.678
2008-09-02,108.24599999999998
2008-09-03,108.32399999999996
2008-09-04,109.76399999999995
2008-09-05,112.68600000000004
2008-09-08,112.122
2008-09-09,116.27399999999994
2008-09-10,118.69799999999998
2008-09-11,124.12199999999996
2008-09-12,124.49399999999996
2008-09-15,153.18
2008-09-16,165.69
2008-09-17,149.796
2008-09-18,149.04599999999994
2008-09-19,133.05
2008-09-22,71.57400000000001
2008-09-23,116.06400000000008
2008-09-24,118.50600000000004
2008-09-25,105.036
2008-09-26,119.01
2008-09-29,132.39
2008-09-30,123.738
2008-10-01,129.80400000000003
2008-10-02,137.30400000000003
2008-10-03,134.11199999999997
2008-10-06,132.44999999999993
2008-10-07,125.72999999999996
2008-10-08,129.57600000000002
2008-10-09,131.98200000000003
2008-10-10,155.17200000000005
2008-10-13,115.8
2008-10-14,119.796
2008-10-15,128.526
2008-10-16,141.39600000000002
2008-10-17,134.496
2008-10-20,111.28199999999998
2008-10-21,116.166
2008-10-22,124.74
2008-10-23,124.66200000000003
2008-10-24,132.03599999999997
2008-10-27,111.05399999999996
2008-10-28,110.85000000000002
2008-10-29,99.88199999999996
2008-10-30,103.85399999999998
2008-10-31,100.746
2008-11-01,100.746
2008-11-03,87.42600000000002
2008-11-04,74.49600000000001
2008-11-05,86.136
2008-11-06,95.25000000000004
2008-11-07,95.868
2008-11-10,79.12200000000001
2008-11-11,84.15
2008-11-12,90.28199999999998
2008-11-13,86.81400000000002
2008-11-14,86.71799999999999
2008-11-17,79.81799999999998
2008-11-18,81.18
2008-11-19,83.26799999999997
2008-11-20,93.87
2008-11-21,94.302
2008-11-24,69.85799999999998
2008-11-25,76.99199999999999
2008-11-26,66.29999999999998
2008-11-27,66.29999999999998
2008-11-28,61.59
2008-12-01,69.708
2008-12-02,75.40200000000004
2008-12-03,75.50999999999999
2008-12-04,81.07800000000003
2008-12-05,86.34
2008-12-08,71.16000000000003
2008-12-09,74.04599999999999
2008-12-10,69.36000000000001
2008-12-11,59.256
2008-12-12,64.09200000000001
2008-12-15,65.082
2008-12-16,67.81199999999998
2008-12-17,77.77199999999998
2008-12-18,85.90799999999999
2008-12-19,97.34399999999998
2008-12-22,99.858
2008-12-23,102.444
2008-12-24,89.46600000000001
2008-12-25,89.46600000000001
2008-12-26,76.932
2008-12-29,67.60799999999999
2008-12-30,70.59599999999999
2008-12-31,54.94799999999998
2009-01-01,54.94799999999998
2009-01-02,56.370000000000005
2009-01-05,59.76000000000002
2009-01-06,62.388000000000005
2009-01-07,76.79400000000001
2009-01-08,79.458
2009-01-09,80.83200000000002
2009-01-12,98.31000000000004
2009-01-13,99.378
2009-01-14,97.92000000000002
2009-01-15,104.86200000000002
2009-01-16,104.07
2009-01-19,109.11
2009-01-20,97.524
2009-01-21,85.17599999999999
2009-01-22,83.68200000000003
2009-01-23,79.34400000000002
2009-01-26,72.97800000000001
2009-01-27,85.66199999999999
2009-01-28,86.02199999999999
2009-01-29,87.528
2009-01-30,87.45600000000002
2009-02-01,87.45600000000002
2009-02-02,91.284
2009-02-03,90.456
2009-02-04,92.25599999999996
2009-02-05,91.04399999999998
2009-02-06,93.648
2009-02-09,97.72800000000002
2009-02-10,101.74800000000002
2009-02-11,107.20800000000004
2009-02-12,113.244
2009-02-13,101.52
2009-02-16,104.376
2009-02-17,107.178
2009-02-18,106.62
2009-02-19,93.594
2009-02-20,94.218
2009-02-23,93.07200000000005
2009-02-24,91.11
2009-02-25,83.86200000000001
2009-02-26,81.04800000000003
2009-02-27,77.84400000000002
2009-03-01,77.84400000000002
2009-03-02,88.61399999999998
2009-03-03,84.99600000000001
2009-03-04,75.21000000000001
2009-03-05,78.32999999999998
2009-03-06,75.22200000000001
2009-03-09,70.566
2009-03-10,73.548
2009-03-11,80.814
2009-03-12,70.86600000000001
2009-03-13,72.138
2009-03-16,66.53999999999999
2009-03-17,64.05600000000001
2009-03-18,67.27800000000002
2009-03-19,59.610000000000014
2009-03-20,60.97800000000004
2009-03-23,65.17200000000003
2009-03-24,64.83000000000001
2009-03-25,67.22399999999999
2009-03-26,62.922
2009-03-27,65.49600000000001
2009-03-30,81.16199999999998
2009-03-31,77.71199999999996
2009-04-01,80.62199999999999
2009-04-02,72.16199999999998
2009-04-03,72.85199999999998
2009-04-06,74.46600000000001
2009-04-07,79.15799999999999
2009-04-08,79.23600000000002
2009-04-09,71.298
2009-04-10,71.298
2009-04-13,77.316
2009-04-14,79.404
2009-04-15,80.65799999999999
2009-04-16,78.822
2009-04-17,78.072
2009-04-20,88.24800000000002
2009-04-21,86.59800000000001
2009-04-22,83.64600000000004
2009-04-23,79.99200000000002
2009-04-24,75.39600000000002
2009-04-27,76.452
2009-04-28,76.83000000000001
2009-04-29,73.71000000000001
2009-04-30,72.85199999999998
2009-05-01,69.29400000000001
2009-05-04,67.10399999999998
2009-05-05,68.51999999999998
2009-05-06,62.928
2009-05-07,62.376000000000005
2009-05-08,58.32599999999999
2009-05-11,74.22000000000003
2009-05-12,71.832
2009-05-13,73.548
2009-05-14,71.63999999999999
2009-05-15,75.132
2009-05-18,75.57600000000002
2009-05-19,74.57400000000001
2009-05-20,70.88399999999999
2009-05-21,73.596
2009-05-22,72.37200000000001
2009-05-25,83.54400000000004
2009-05-26,79.428
2009-05-27,76.93200000000004
2009-05-28,74.076
2009-05-29,72.55799999999999
2009-06-01,76.84799999999998
2009-06-02,78.55799999999999
2009-06-03,82.76999999999998
2009-06-04,76.512
2009-06-05,78.25199999999995
2009-06-08,87.62400000000002
2009-06-09,82.596
2009-06-10,79.27200000000005
2009-06-11,76.392
2009-06-12,77.73599999999999
2009-06-15,84.31200000000001
2009-06-16,85.27799999999999
2009-06-17,84.738
2009-06-18,82.512
2009-06-19,86.292
2009-06-22,91.76399999999998
2009-06-23,88.49399999999997
2009-06-24,89.15999999999997
2009-06-25,86.32799999999997
2009-06-26,86.184
2009-06-29,76.35600000000002
2009-06-30,80.382
2009-07-01,81.37800000000004
2009-07-02,86.52600000000001
2009-07-06,88.58999999999997
2009-07-07,90.492
2009-07-08,96.414
2009-07-09,96.036
2009-07-10,98.46
2009-07-13,90.99
2009-07-14,91.36800000000002
2009-07-15,89.03400000000002
2009-07-16,87.63000000000002
2009-07-17,85.55400000000003
2009-07-20,80.53799999999998
2009-07-21,78.99000000000001
2009-07-22,80.01599999999996
2009-07-23,77.55600000000001
2009-07-24,76.15199999999999
2009-07-27,76.29599999999996
2009-07-28,78.54599999999999
2009-07-29,85.72199999999998
2009-07-30,79.22999999999999
2009-07-31,74.16599999999994
2009-08-01,74.16599999999994
2009-08-03,73.64399999999998
2009-08-04,75.51599999999999
2009-08-05,76.24199999999999
2009-08-06,75.05400000000003
2009-08-07,77.184
2009-08-10,86.68199999999999
2009-08-11,88.68600000000004
2009-08-12,86.28000000000003
2009-08-13,85.81800000000004
2009-08-14,91.89
2009-08-17,92.36999999999998
2009-08-18,86.54999999999998
2009-08-19,78.81599999999997
2009-08-20,77.934
2009-08-21,76.78199999999998
2009-08-24,74.892
2009-08-25,78.02400000000003
2009-08-26,79.02000000000004
2009-08-27,76.15200000000004
2009-08-28,75.54600000000002
2009-08-31,79.00800000000001
2009-09-01,82.86600000000004
2009-09-02,82.39199999999997
2009-09-03,82.362
2009-09-04,81.20399999999995
2009-09-07,78.34799999999996
2009-09-08,71.47800000000001
2009-09-09,71.45400000000001
2009-09-10,69.24599999999998
2009-09-11,74.63999999999996
2009-09-14,74.69400000000002
2009-09-15,70.48199999999997
2009-09-16,67.68
2009-09-17,68.57999999999998
2009-09-18,69.28799999999995
2009-09-21,71.08800000000002
2009-09-22,68.24399999999997
2009-09-23,74.34000000000003
2009-09-24,80.358
2009-09-25,79.72200000000001
2009-09-28,73.85399999999998
2009-09-29,74.57999999999998
2009-09-30,68.13
2009-10-01,66.87
2009-10-02,68.346
2009-10-05,64.52999999999992
2009-10-06,64.23000000000002
2009-10-07,66.38399999999999
2009-10-08,62.214
2009-10-09,63.46199999999999
2009-10-12,62.98200000000003
2009-10-13,61.619999999999976
2009-10-14,59.285999999999945
2009-10-15,55.09199999999999
2009-10-16,52.79399999999998
2009-10-19,59.11800000000002
2009-10-20,60.497999999999934
2009-10-21,56.53799999999998
2009-10-22,57.12600000000003
2009-10-23,58.079999999999984
2009-10-26,70.72800000000001
2009-10-27,69.00599999999997
2009-10-28,72.582
2009-10-29,68.34
2009-10-30,73.25400000000002
2009-11-01,73.25400000000002
2009-11-02,73.49400000000003
2009-11-03,69.918
2009-11-04,67.92600000000004
2009-11-05,68.94
2009-11-06,73.30799999999996
2009-11-09,66.47399999999999
2009-11-10,67.46999999999997
2009-11-11,67.81800000000001
2009-11-12,71.154
2009-11-13,72.83399999999997
2009-11-16,64.36799999999997
2009-11-17,64.94999999999999
2009-11-18,63.16200000000004
2009-11-19,67.30199999999999
2009-11-20,68.54999999999995
2009-11-23,70.83000000000004
2009-11-24,74.44200000000001
2009-11-25,69.012
2009-11-27,72.072
2009-11-30,69.654
2009-12-01,67.69199999999995
2009-12-02,71.36399999999998
2009-12-03,72.132
2009-12-04,75.37199999999999
2009-12-07,79.344
2009-12-08,82.32000000000002
2009-12-09,84.97200000000004
2009-12-10,85.15200000000004
2009-12-11,87.82200000000006
2009-12-14,85.34999999999997
2009-12-15,81.76199999999994
2009-12-16,78.47399999999999
2009-12-17,77.856
2009-12-18,76.20000000000005
2009-12-21,75.87
2009-12-22,73.81199999999995
2009-12-23,69.102
2009-12-24,68.42399999999998
2009-12-28,67.14600000000002
2009-12-29,67.428
2009-12-30,66.07200000000003
2009-12-31,65.78399999999999
2010-01-01,65.78399999999999
2010-01-04,67.62599999999998
2010-01-05,67.428
2010-01-06,63.62399999999997
2010-01-07,63.84
2010-01-08,64.38600000000002
2010-01-11,71.57999999999998
2010-01-12,74.73000000000002
2010-01-13,76.65
2010-01-14,76.74000000000004
2010-01-15,79.77600000000001
2010-01-18,78.60000000000002
2010-01-19,75.32999999999998
2010-01-20,78.33000000000004
2010-01-21,82.10400000000001
2010-01-22,84.81599999999997
2010-01-25,81.05999999999997
2010-01-26,81.32999999999998
2010-01-27,83.07599999999996
2010-01-28,83.346
2010-01-29,84.94199999999998
2010-02-01,79.08599999999998
2010-02-02,73.54199999999997
2010-02-03,73.70399999999995
2010-02-04,81.45600000000002
2010-02-05,85.92599999999996
2010-02-08,82.548
2010-02-09,79.548
2010-02-10,77.154
2010-02-11,75.24000000000001
2010-02-12,77.08800000000002
2010-02-15,73.05599999999998
2010-02-16,67.47000000000003
2010-02-17,67.18799999999999
2010-02-18,63.97799999999998
2010-02-19,62.418000000000006
2010-02-22,66.47999999999996
2010-02-23,68.92199999999997
2010-02-24,66.25799999999998
2010-02-25,69.10200000000003
2010-02-26,65.84400000000002
2010-03-01,72.69599999999997
2010-03-02,71.39399999999995
2010-03-03,69.32999999999996
2010-03-04,70.42199999999997
2010-03-05,67.85399999999998
2010-03-08,70.62600000000006
2010-03-09,71.08800000000002
2010-03-10,70.55400000000003
2010-03-11,70.75800000000007
2010-03-12,72.35399999999998
2010-03-15,78.31799999999998
2010-03-16,75.04199999999997
2010-03-17,72.00599999999991
2010-03-18,73.518
2010-03-19,77.082
2010-03-22,77.81399999999996
2010-03-23,76.93199999999996
2010-03-24,79.88400000000001
2010-03-25,80.13
2010-03-26,82.09199999999998
2010-03-29,75.12
2010-03-30,74.88
2010-03-31,72.714
2010-04-01,71.44800000000001
2010-04-02,71.44800000000001
2010-04-05,70.11600000000004
2010-04-06,69.19799999999998
2010-04-07,70.76400000000001
2010-04-08,71.92200000000003
2010-04-09,73.422
2010-04-12,77.40600000000006
2010-04-13,77.83800000000008
2010-04-14,73.84800000000001
2010-04-15,75.42000000000002
2010-04-16,80.66400000000002
2010-04-19,82.57799999999997
2010-04-20,79.07999999999998
2010-04-21,80.982
2010-04-22,81.072
2010-04-23,78.44399999999999
2010-04-26,76.512
2010-04-27,81.19199999999995
2010-04-28,79.15799999999999
2010-04-29,74.73599999999999
2010-04-30,73.38000000000005
2010-05-01,73.38000000000005
2010-05-03,80.45400000000001
2010-05-04,87.13799999999998
2010-05-05,91.086
2010-05-06,96.64799999999995
2010-05-07,102.13200000000003
2010-05-10,99.19799999999998
2010-05-11,100.884
2010-05-12,104.64
2010-05-13,107.02200000000003
2010-05-14,112.812
2010-05-17,110.43
2010-05-18,111.18600000000004
2010-05-19,108.924
2010-05-20,111.21
2010-05-21,112.506
2010-05-24,104.976
2010-05-25,114.696
2010-05-26,95.61
2010-05-27,90.35399999999998
2010-05-28,92.49599999999998
2010-05-31,87.28799999999995
2010-06-01,89.25599999999997
2010-06-02,90.73199999999996
2010-06-03,86.14199999999994
2010-06-04,92.30999999999996
2010-06-07,91.69799999999998
2010-06-08,90.834
2010-06-09,85.05599999999998
2010-06-10,83.226
2010-06-11,87.19799999999998
2010-06-14,81.96600000000007
2010-06-15,78.55799999999996
2010-06-16,77.91600000000005
2010-06-17,81.76800000000003
2010-06-18,80.56199999999995
2010-06-21,82.36200000000005
2010-06-22,83.13000000000002
2010-06-23,84.52799999999999
2010-06-24,84.18
2010-06-25,79.23000000000002
2010-06-28,80.178
2010-06-29,83.76600000000002
2010-06-30,83.98800000000003
2010-07-01,91.026
2010-07-02,90.798
2010-07-05,87.774
2010-07-06,88.07400000000001
2010-07-07,84.66000000000003
2010-07-08,81.52200000000005
2010-07-09,80.71199999999999
2010-07-12,81.38999999999999
2010-07-13,77.17800000000003
2010-07-14,76.84199999999998
2010-07-15,77.72399999999999
2010-07-16,79.35000000000002
2010-07-19,78.39599999999999
2010-07-20,76.572
2010-07-21,78.12600000000003
2010-07-22,72.46799999999996
2010-07-23,73.16399999999999
2010-07-26,74.51399999999995
2010-07-27,76.94999999999999
2010-07-28,78.108
2010-07-29,76.11000000000001
2010-07-30,76.09799999999998
2010-08-01,76.09799999999998
2010-08-02,70.66200000000003
2010-08-03,68.02800000000002
2010-08-04,68.286
2010-08-05,69.54599999999999
2010-08-06,72.57
2010-08-09,74.56800000000004
2010-08-10,76.29600000000005
2010-08-11,80.01600000000005
2010-08-12,84.68400000000003
2010-08-13,86.35200000000003
2010-08-16,82.22400000000005
2010-08-17,82.21800000000002
2010-08-18,83.03399999999999
2010-08-19,85.72800000000001
2010-08-20,88.01400000000001
2010-08-23,85.94999999999999
2010-08-24,89.81400000000002
2010-08-25,89.00400000000002
2010-08-26,86.26800000000003
2010-08-27,83.106
2010-08-30,81.90000000000003
2010-08-31,88.54199999999997
2010-09-01,84.69000000000003
2010-09-02,82.30200000000008
2010-09-03,83.62799999999999
2010-09-06,84.21599999999995
2010-09-07,85.92000000000002
2010-09-08,84.66599999999997
2010-09-09,85.11000000000001
2010-09-10,80.67599999999996
2010-09-13,83.154
2010-09-14,84.49199999999999
2010-09-15,86.988
2010-09-16,89.74799999999999
2010-09-17,92.976
2010-09-20,91.66199999999998
2010-09-21,96.07799999999996
2010-09-22,95.76600000000002
2010-09-23,94.338
2010-09-24,91.866
2010-09-27,82.78199999999998
2010-09-28,84.15600000000003
2010-09-29,81.95400000000004
2010-09-30,78.30000000000001
2010-10-01,74.74200000000002
2010-10-04,78.22800000000001
2010-10-05,74.27999999999997
2010-10-06,73.476
2010-10-07,76.81800000000001
2010-10-08,74.66400000000002
2010-10-11,82.74000000000001
2010-10-12,83.72400000000005
2010-10-13,81.15600000000003
2010-10-14,81.654
2010-10-15,84.036
2010-10-18,80.31
2010-10-19,87.33600000000001
2010-10-20,82.73399999999998
2010-10-21,87.13199999999998
2010-10-22,85.494
2010-10-25,80.63400000000001
2010-10-26,78.876
2010-10-27,80.38799999999995
2010-10-28,79.82399999999996
2010-10-29,81.35999999999996
2010-11-01,79.03199999999998
2010-11-02,75.744
2010-11-03,75.38399999999996
2010-11-04,71.02800000000002
2010-11-05,70.536
2010-11-08,76.30199999999996
2010-11-09,77.06399999999996
2010-11-10,76.38599999999997
2010-11-11,76.30199999999996
2010-11-12,81.87599999999998
2010-11-15,83.41800000000006
2010-11-16,88.75800000000004
2010-11-17,91.98000000000002
2010-11-18,89.77200000000005
2010-11-19,89.328
2010-11-22,88.45800000000003
2010-11-23,89.262
2010-11-24,85.27800000000002
2010-11-26,82.83599999999996
2010-11-29,77.00400000000002
2010-11-30,79.356
2010-12-01,75.45600000000002
2010-12-02,73.44600000000003
2010-12-03,71.86200000000002
2010-12-06,79.476
2010-12-07,80.72399999999999
2010-12-08,82.10400000000004
2010-12-09,82.41600000000005
2010-12-10,83.65799999999996
2010-12-13,83.15999999999997
2010-12-14,84.74399999999997
2010-12-15,84.25799999999998
2010-12-16,86.98200000000003
2010-12-17,85.92599999999999
2010-12-20,84.24000000000001
2010-12-21,83.68200000000002
2010-12-22,83.01600000000002
2010-12-23,80.65800000000002
2010-12-27,85.29000000000002
2010-12-28,84.40800000000002
2010-12-29,85.87800000000004
2010-12-30,87.61800000000005
2010-12-31,86.05200000000002
2011-01-01,86.05200000000002
2011-01-03,86.59800000000001
2011-01-04,91.224
2011-01-05,90.17399999999998
2011-01-06,94.70399999999997
2011-01-07,95.31
2011-01-10,96.04200000000004
2011-01-11,92.61600000000004
2011-01-12,90.35400000000004
2011-01-13,91.776
2011-01-14,92.53199999999998
2011-01-17,93.87599999999998
2011-01-18,94.536
2011-01-19,96.58800000000002
2011-01-20,102.072
2011-01-21,104.394
2011-01-24,107.74200000000002
2011-01-25,111.84000000000005
2011-01-26,112.15799999999996
2011-01-27,116.33399999999996
2011-01-28,106.53599999999994
2011-01-31,98.52000000000004
2011-02-01,103.752
2011-02-02,104.20799999999996
2011-02-03,104.36400000000005
2011-02-04,107.082
2011-02-07,113.97600000000006
2011-02-08,116.58600000000008
2011-02-09,118.75200000000008
2011-02-10,117.73200000000004
2011-02-11,119.832
2011-02-14,123.78600000000004
2011-02-15,124.57800000000005
2011-02-16,124.62600000000003
2011-02-17,119.23800000000006
2011-02-18,118.75199999999998
2011-02-21,122.616
2011-02-22,103.15799999999996
2011-02-23,97.94399999999996
2011-02-24,96.558
2011-02-25,98.142
2011-02-28,112.32000000000004
2011-03-01,108.97199999999998
2011-03-02,101.84999999999997
2011-03-03,102.48000000000002
2011-03-04,96.89999999999998
2011-03-07,103.26
2011-03-08,102.63599999999995
2011-03-09,107.29199999999996
2011-03-10,110.71799999999996
2011-03-11,114.89999999999992
2011-03-14,120.096
2011-03-15,127.512
2011-03-16,126.99600000000004
2011-03-17,118.95000000000005
2011-03-18,118.83599999999996
2011-03-21,114.47400000000005
2011-03-22,109.26599999999996
2011-03-23,106.38600000000002
2011-03-24,107.48400000000004
2011-03-25,107.93400000000004
2011-03-28,113.118
2011-03-29,111.726
2011-03-30,113.26200000000006
2011-03-31,108.738
2011-04-01,105.79200000000004
2011-04-04,113.26199999999994
2011-04-05,114.93599999999998
2011-04-06,113.466
2011-04-07,109.692
2011-04-08,107.676
2011-04-11,121.69799999999998
2011-04-12,130.04999999999995
2011-04-13,128.55
2011-04-14,125.07599999999996
2011-04-15,122.058
2011-04-18,131.48399999999998
2011-04-19,128.32199999999995
2011-04-20,120.15600000000006
2011-04-21,116.67600000000004
2011-04-22,116.67600000000004
2011-04-25,118.81200000000008
2011-04-26,120.07800000000007
2011-04-27,119.65200000000004
2011-04-28,119.02200000000003
2011-04-29,117.50400000000002
2011-05-01,117.50400000000002
2011-05-02,124.71599999999997
2011-05-03,129.78000000000003
2011-05-04,132.85799999999995
2011-05-05,149.09999999999997
2011-05-06,157.10999999999996
2011-05-09,151.50600000000003
2011-05-10,143.68199999999996
2011-05-11,156.51599999999996
2011-05-12,154.22999999999996
2011-05-13,153.534
2011-05-16,157.07399999999996
2011-05-17,158.30999999999997
2011-05-18,150.462
2011-05-19,154.96800000000002
2011-05-20,152.36999999999995
2011-05-23,146.166
2011-05-24,142.56
2011-05-25,140.59199999999998
2011-05-26,142.476
2011-05-27,141.69600000000003
2011-05-30,137.74800000000005
2011-05-31,134.202
2011-06-01,139.26000000000005
2011-06-02,140.56799999999998
2011-06-03,141.67200000000005
2011-06-06,143.07600000000008
2011-06-07,145.34999999999997
2011-06-08,141.00000000000006
2011-06-09,139.308
2011-06-10,145.788
2011-06-13,145.62
2011-06-14,140.41200000000003
2011-06-15,148.95
2011-06-16,148.84199999999998
2011-06-17,153.582
2011-06-20,144.88800000000003
2011-06-21,141.12599999999998
2011-06-22,140.16000000000005
2011-06-23,147.89999999999998
2011-06-24,145.14600000000002
2011-06-27,138.85199999999992
2011-06-28,134.20199999999994
2011-06-29,132.72000000000003
2011-06-30,132.50400000000002
2011-07-01,132.79799999999994
2011-07-04,134.56199999999995
2011-07-05,129.66000000000005
2011-07-06,131.082
2011-07-07,130.40999999999997
2011-07-08,137.784
2011-07-11,146.74199999999996
2011-07-12,139.44599999999997
2011-07-13,138.69
2011-07-14,145.51800000000003
2011-07-15,142.35000000000008
2011-07-18,147.51000000000005
2011-07-19,143.78400000000005
2011-07-20,142.63800000000003
2011-07-21,139.668
2011-07-22,138.798
2011-07-25,141.14999999999998
2011-07-26,139.608
2011-07-27,145.2299999999999
2011-07-28,145.49399999999997
2011-07-29,150.59999999999997
2011-08-01,154.296
2011-08-02,157.05599999999998
2011-08-03,160.476
2011-08-04,170.75400000000002
2011-08-05,172.014
2011-08-08,180.39
2011-08-09,186.156
2011-08-10,176.18400000000003
2011-08-11,171.16199999999998
2011-08-12,172.62
2011-08-15,160.18200000000002
2011-08-16,163.87199999999996
2011-08-17,161.964
2011-08-18,173.57400000000007
2011-08-19,175.824
2011-08-22,167.07600000000002
2011-08-23,166.26000000000005
2011-08-24,167.214
2011-08-25,167.53199999999995
2011-08-26,167.712
2011-08-29,167.094
2011-08-30,164.38799999999992
2011-08-31,164.90999999999997
2011-09-01,163.49999999999994
2011-09-02,168.71399999999994
2011-09-05,172.24199999999996
2011-09-06,174.29400000000004
2011-09-07,166.72199999999998
2011-09-08,166.122
2011-09-09,169.15800000000002
2011-09-12,163.74600000000004
2011-09-13,156.93
2011-09-14,160.74599999999998
2011-09-15,162.92999999999995
2011-09-16,166.53600000000006
2011-09-19,164.916
2011-09-20,161.59200000000004
2011-09-21,163.19400000000002
2011-09-22,176.94600000000003
2011-09-23,177.48000000000002
2011-09-26,168.372
2011-09-27,158.13599999999997
2011-09-28,165.798
2011-09-29,164.058
2011-09-30,170.736
2011-10-01,170.736
2011-10-03,166.85399999999996
2011-10-04,173.63999999999996
2011-10-05,162.19799999999995
2011-10-06,156.87
2011-10-07,155.72999999999996
2011-10-10,149.41799999999995
2011-10-11,147.92399999999998
2011-10-12,149.39999999999998
2011-10-13,155.856
2011-10-14,151.03200000000004
2011-10-17,155.02200000000005
2011-10-18,150.15000000000003
2011-10-19,154.78200000000004
2011-10-20,156.834
2011-10-21,153.39
2011-10-24,141.05399999999997
2011-10-25,135.096
2011-10-26,142.72199999999998
2011-10-27,134.55
2011-10-28,135.58800000000002
2011-10-31,134.13
2011-11-01,136.03799999999995
2011-11-02,134.11199999999997
2011-11-03,131.238
2011-11-04,132.05399999999997
2011-11-07,127.43399999999995
2011-11-08,123.384
2011-11-09,125.76600000000002
2011-11-10,121.116
2011-11-11,119.45999999999998
2011-11-14,122.93399999999995
2011-11-15,119.57999999999998
2011-11-16,107.06399999999996
2011-11-17,117.072
2011-11-18,118.716
2011-11-21,113.262
2011-11-22,111.89399999999996
2011-11-23,113.66999999999996
2011-11-25,110.49599999999992
2011-11-28,102.39599999999996
2011-11-29,100.176
2011-11-30,98.25600000000004
2011-12-01,97.14
2011-12-02,94.91400000000004
2011-12-05,93.82800000000005
2011-12-06,94.49400000000004
2011-12-07,95.466
2011-12-08,98.99400000000009
2011-12-09,95.676
2011-12-12,99.89400000000006
2011-12-13,93.87000000000006
2011-12-14,105.79800000000006
2011-12-15,108.15600000000006
2011-12-16,108.94200000000006
2011-12-19,101.964
2011-12-20,95.33999999999992
2011-12-21,93.04799999999994
2011-12-22,90.15599999999996
2011-12-23,89.298
2011-12-26,91.81800000000004
2011-12-27,87.024
2011-12-28,92.44800000000004
2011-12-29,93.11399999999998
2011-12-30,95.916
2012-01-01,95.916
2012-01-02,99.36
2012-01-03,92.13600000000002
2012-01-04,93.87600000000008
2012-01-05,95.67000000000002
2012-01-06,98.31
2012-01-09,105.15000000000003
2012-01-10,103.78800000000008
2012-01-11,106.28400000000003
2012-01-12,111.14999999999998
2012-01-13,111.91800000000006
2012-01-16,112.67400000000004
2012-01-17,106.26599999999996
2012-01-18,105.99
2012-01-19,107.574
2012-01-20,112.48799999999994
2012-01-23,108.40200000000004
2012-01-24,111.04800000000006
2012-01-25,109.87800000000004
2012-01-26,109.25400000000002
2012-01-27,111.25800000000004
2012-01-30,116.19000000000004
2012-01-31,117.52200000000003
2012-02-01,120.22200000000004
2012-02-02,124.20000000000005
2012-02-03,121.93800000000005
2012-02-06,131.808
2012-02-07,127.16400000000004
2012-02-08,126.62400000000002
2012-02-09,124.18200000000002
2012-02-10,126.438
2012-02-13,122.69400000000002
2012-02-14,121.90800000000009
2012-02-15,119.49600000000004
2012-02-16,118.63800000000003
2012-02-17,115.10399999999998
2012-02-20,119.892
2012-02-21,113.70000000000005
2012-02-22,115.17600000000004
2012-02-23,111.62400000000002
2012-02-24,106.488
2012-02-27,117.378
2012-02-28,121.776
2012-02-29,119.59199999999998
2012-03-01,117.15599999999996
2012-03-02,120.54000000000002
2012-03-05,127.284
2012-03-06,131.82600000000002
2012-03-07,128.52599999999995
2012-03-08,128.69399999999996
2012-03-09,126.61199999999997
2012-03-12,131.64
2012-03-13,131.48399999999998
2012-03-14,134.73600000000005
2012-03-15,134.12399999999997
2012-03-16,131.24999999999994
2012-03-19,129.83400000000006
2012-03-20,136.34999999999997
2012-03-21,131.60399999999998
2012-03-22,136.224
2012-03-23,132.67199999999997
2012-03-26,136.59000000000003
2012-03-27,135.46200000000005
2012-03-28,140.928
2012-03-29,146.952
2012-03-30,146.94600000000003
2012-04-01,146.94600000000003
2012-04-02,145.74599999999998
2012-04-03,148.89
2012-04-04,153.58799999999997
2012-04-05,148.392
2012-04-06,148.392
2012-04-09,149.94599999999997
2012-04-10,151.878
2012-04-11,147.846
2012-04-12,147.024
2012-04-13,149.952
2012-04-16,147.69599999999997
2012-04-17,143.17799999999994
2012-04-18,147.70799999999997
2012-04-19,148.72799999999995
2012-04-20,145.71599999999995
2012-04-23,143.29199999999997
2012-04-24,141.48600000000005
2012-04-25,141.096
2012-04-26,140.046
2012-04-27,138.642
2012-04-30,134.72999999999996
2012-05-01,130.84799999999996
2012-05-02,132.39
2012-05-03,137.98200000000003
2012-05-04,146.70600000000002
2012-05-07,143.80800000000005
2012-05-08,146.46000000000004
2012-05-09,147.40800000000002
2012-05-10,145.87800000000004
2012-05-11,148.164
2012-05-14,144.77999999999997
2012-05-15,147.41400000000004
2012-05-16,149.976
2012-05-17,149.08799999999997
2012-05-18,151.68599999999998
2012-05-21,146.91000000000005
2012-05-22,149.75400000000002
2012-05-23,154.73999999999995
2012-05-24,152.07
2012-05-25,150.978
2012-05-28,147.03000000000003
2012-05-29,146.19600000000003
2012-05-30,151.8
2012-05-31,154.476
2012-06-01,161.54400000000004
2012-06-04,153.95399999999995
2012-06-05,153.12600000000003
2012-06-06,152.79600000000005
2012-06-07,152.682
2012-06-08,155.916
2012-06-11,155.12399999999997
2012-06-12,153.36
2012-06-13,155.09999999999997
2012-06-14,152.50799999999992
2012-06-15,152.32799999999995
2012-06-18,152.0339999999999
2012-06-19,150.726
2012-06-20,157.49999999999994
2012-06-21,164.26199999999997
2012-06-22,161.13599999999997
2012-06-25,154.19399999999996
2012-06-26,154.008
2012-06-27,152.142
2012-06-28,158.196
2012-06-29,142.998
2012-07-01,142.998
2012-07-02,137.67600000000002
2012-07-03,129.0180000000001
2012-07-05,130.95000000000005
2012-07-06,137.11200000000002
2012-07-09,139.40399999999994
2012-07-10,144.594
2012-07-11,140.51999999999998
2012-07-12,140.394
2012-07-13,138.09599999999995
2012-07-16,136.24799999999993
2012-07-17,134.51999999999998
2012-07-18,133.938
2012-07-19,127.75799999999992
2012-07-20,130.78799999999995
2012-07-23,143.88000000000005
2012-07-24,142.476
2012-07-25,141.58800000000002
2012-07-26,140.75399999999996
2012-07-27,139.48800000000006
2012-07-30,141.06600000000003
2012-07-31,143.95799999999997
2012-08-01,142.53000000000003
2012-08-02,147.04200000000003
2012-08-03,138.49199999999996
2012-08-06,149.106
2012-08-07,147.06599999999997
2012-08-08,148.776
2012-08-09,150.582
2012-08-10,150.798
2012-08-13,155.622
2012-08-14,154.41599999999994
2012-08-15,153.83400000000006
2012-08-16,150.618
2012-08-17,149.01
2012-08-20,150.43200000000002
2012-08-21,150.13200000000006
2012-08-22,149.574
2012-08-23,152.42399999999998
2012-08-24,152.23199999999997
2012-08-27,156.98400000000004
2012-08-28,154.83000000000004
2012-08-29,157.356
2012-08-30,160.11000000000007
2012-08-31,156.54600000000005
2012-09-01,156.54600000000005
2012-09-03,162.84600000000006
2012-09-04,164.89200000000005
2012-09-05,163.79399999999998
2012-09-06,163.164
2012-09-07,161.76600000000002
2012-09-10,161.72999999999996
2012-09-11,161.33399999999995
2012-09-12,162.372
2012-09-13,158.53200000000004
2012-09-14,157.998
2012-09-17,164.15399999999994
2012-09-18,166.79999999999995
2012-09-19,173.44799999999998
2012-09-20,175.37399999999997
2012-09-21,175.09199999999993
2012-09-24,171.62999999999994
2012-09-25,174.00599999999997
2012-09-26,177.45599999999996
2012-09-27,174.06599999999997
2012-09-28,172.60799999999995
2012-10-01,169.728
2012-10-02,171.24
2012-10-03,179.538
2012-10-04,173.74200000000002
2012-10-05,178.236
2012-10-08,178.84199999999993
2012-10-09,171.71999999999997
2012-10-10,175.68
2012-10-11,174.594
2012-10-12,173.99399999999997
2012-10-15,170.98200000000003
2012-10-16,169.788
2012-10-17,169.75199999999995
2012-10-18,170.12400000000002
2012-10-19,173.35199999999998
2012-10-22,165.264
2012-10-23,168.5759999999999
2012-10-24,172.31399999999996
2012-10-25,172.68
2012-10-26,173.442
2012-10-29,166.086
2012-10-30,164.39399999999995
2012-10-31,162.276
2012-11-01,159.39600000000002
2012-11-02,161.85599999999997
2012-11-05,154.55399999999997
2012-11-06,148.34399999999994
2012-11-07,156.714
2012-11-08,154.62600000000003
2012-11-09,153.94799999999998
2012-11-12,152.39999999999998
2012-11-13,150.966
2012-11-14,149.65800000000002
2012-11-15,150.75599999999997
2012-11-16,148.79999999999995
2012-11-19,144.11400000000003
2012-11-20,150.45600000000002
2012-11-21,149.688
2012-11-23,149.72999999999996
2012-11-26,149.634
2012-11-27,150.414
2012-11-28,152.20800000000008
2012-11-29,148.848
2012-11-30,145.98000000000002
2012-12-01,145.98000000000002
2012-12-03,141.834
2012-12-04,141.76800000000003
2012-12-05,143.178
2012-12-06,148.05
2012-12-07,147.18599999999998
2012-12-10,142.95
2012-12-11,143.50800000000004
2012-12-12,142.2600000000001
2012-12-13,144.63600000000002
2012-12-14,142.98000000000008
2012-12-17,132.738
2012-12-18,132.084
2012-12-19,128.32800000000003
2012-12-20,127.74599999999998
2012-12-21,131.29199999999997
2012-12-24,131.19000000000003
2012-12-26,125.35800000000006
2012-12-27,125.68200000000002
2012-12-28,125.50800000000004
2012-12-31,124.938
2013-01-01,124.938
2013-01-02,121.176
2013-01-03,120.55200000000002
2013-01-04,120.606
2013-01-07,119.86199999999997
2013-01-08,121.21799999999996
2013-01-09,121.94399999999996
2013-01-10,118.872
2013-01-11,117.52800000000002
2013-01-14,118.33200000000004
2013-01-15,119.38799999999998
2013-01-16,115.69799999999998
2013-01-17,112.57200000000006
2013-01-18,113.892
2013-01-21,115.40400000000004
2013-01-22,114.55200000000002
2013-01-23,118.23000000000002
2013-01-24,117.40200000000004
2013-01-25,117.03599999999994
2013-01-28,117.86999999999996
2013-01-29,114.91799999999996
2013-01-30,114.46800000000002
2013-01-31,115.8359999999999
2013-02-01,118.33799999999997
2013-02-04,135.99
2013-02-05,135.92400000000004
2013-02-06,136.47600000000006
2013-02-07,139.87200000000007
2013-02-08,141.606
2013-02-11,142.95599999999996
2013-02-12,141.63000000000005
2013-02-13,142.43399999999997
2013-02-14,141.288
2013-02-15,144.95999999999998
2013-02-18,157.81199999999995
2013-02-19,154.07999999999998
2013-02-20,157.62599999999998
2013-02-21,162.41999999999996
2013-02-22,161.51399999999995
2013-02-25,164.4600000000001
2013-02-26,162.52200000000005
2013-02-27,160.59000000000003
2013-02-28,161.76
2013-03-01,164.712
2013-03-04,163.63800000000003
2013-03-05,163.824
2013-03-06,164.84400000000005
2013-03-07,161.664
2013-03-08,160.34999999999997
2013-03-11,155.382
2013-03-12,153.76800000000003
2013-03-13,152.586
2013-03-14,151.53599999999994
2013-03-15,150.57600000000002
2013-03-18,148.026
2013-03-19,148.77000000000004
2013-03-20,147.59400000000005
2013-03-21,149.50800000000004
2013-03-22,146.44799999999998
2013-03-25,141.22200000000004
2013-03-26,137.07000000000005
2013-03-27,136.584
2013-03-28,134.49600000000004
2013-03-29,134.49600000000004
2013-04-01,133.15200000000004
2013-04-02,138.30599999999998
2013-04-03,136.788
2013-04-04,140.724
2013-04-05,140.20799999999997
2013-04-08,136.98000000000002
2013-04-09,134.688
2013-04-10,132.53400000000005
2013-04-11,131.78400000000005
2013-04-12,137.07
2013-04-15,135.98400000000004
2013-04-16,136.464
2013-04-17,139.55399999999997
2013-04-18,138.11400000000003
2013-04-19,137.48400000000004
2013-04-22,135.93
2013-04-23,134.478
2013-04-24,130.45200000000006
2013-04-25,125.91000000000004
2013-04-26,125.77200000000003
2013-04-29,119.88000000000004
2013-04-30,120.72600000000006
2013-05-01,127.36800000000004
2013-05-02,123.276
2013-05-03,119.17200000000004
2013-05-06,120.79800000000006
2013-05-07,122.61
2013-05-08,120.06600000000007
2013-05-09,120.76800000000004
2013-05-10,120.13800000000003
2013-05-13,128.202
2013-05-14,130.60200000000003
2013-05-15,130.38
2013-05-16,128.6880000000001
2013-05-17,127.46400000000006
2013-05-20,134.28000000000003
2013-05-21,135.11400000000003
2013-05-22,137.598
2013-05-23,136.67400000000004
2013-05-24,138.48000000000008
2013-05-27,135.54000000000002
2013-05-28,135.54599999999994
2013-05-29,138.55200000000002
2013-05-30,135.97199999999998
2013-05-31,138.07799999999995
2013-06-01,138.07799999999995
2013-06-03,136.914
2013-06-04,138.49200000000002
2013-06-05,136.878
2013-06-06,134.40000000000003
2013-06-07,129.31800000000004
2013-06-10,129.7680000000001
2013-06-11,129.51000000000005
2013-06-12,130.67400000000004
2013-06-13,132.24600000000004
2013-06-14,129.78600000000006
2013-06-17,125.79000000000002
2013-06-18,124.20000000000005
2013-06-19,125.23800000000006
2013-06-20,131.634
2013-06-21,133.824
2013-06-24,123.57600000000002
2013-06-25,122.11199999999997
2013-06-26,121.452
2013-06-27,118.038
2013-06-28,118.99200000000002
2013-07-01,108.62400000000002
2013-07-02,103.49399999999996
2013-07-03,99.666
2013-07-05,98.04600000000003
2013-07-08,97.51199999999994
2013-07-09,96.558
2013-07-10,88.21199999999999
2013-07-11,93.048
2013-07-12,91.23600000000005
2013-07-15,103.07999999999998
2013-07-16,105.048
2013-07-17,104.82
2013-07-18,101.514
2013-07-19,99.69600000000004
2013-07-22,106.80600000000004
2013-07-23,105.62400000000002
2013-07-24,109.356
2013-07-25,107.95800000000004
2013-07-26,109.164
2013-07-29,106.75799999999998
2013-07-30,110.32799999999996
2013-07-31,106.50600000000004
2013-08-01,99.69599999999996
2013-08-02,101.49
2013-08-05,101.05199999999996
2013-08-06,103.998
2013-08-07,105.63599999999995
2013-08-08,108.89399999999996
2013-08-09,103.09799999999996
2013-08-12,97.48199999999996
2013-08-13,96.50999999999992
2013-08-14,96.51599999999996
2013-08-15,95.94599999999996
2013-08-16,95.87399999999997
2013-08-19,96.94199999999996
2013-08-20,104.33399999999996
2013-08-21,106.57199999999996
2013-08-22,103.27799999999996
2013-08-23,100.392
2013-08-26,102.10800000000006
2013-08-27,95.73600000000005
2013-08-28,93.69000000000004
2013-08-29,97.32599999999996
2013-08-30,97.488
2013-09-01,97.488
2013-09-02,103.452
2013-09-03,102.13800000000003
2013-09-04,105.56400000000002
2013-09-05,101.976
2013-09-06,96.96000000000004
2013-09-09,94.668
2013-09-10,99.36600000000004
2013-09-11,99.52799999999996
2013-09-12,98.75400000000002
2013-09-13,100.11
2013-09-16,96.85200000000005
2013-09-17,97.78800000000008
2013-09-18,91.15200000000004
2013-09-19,95.42400000000004
2013-09-20,100.81799999999998
2013-09-23,97.46399999999994
2013-09-24,99.29400000000004
2013-09-25,101.08199999999994
2013-09-26,101.20800000000004
2013-09-27,101.382
2013-09-30,96.32999999999998
2013-10-01,95.712
2013-10-02,92.05199999999996
2013-10-03,94.926
2013-10-04,93.81
2013-10-07,91.848
2013-10-08,91.32
2013-10-09,96.378
2013-10-10,94.296
2013-10-11,95.262
2013-10-14,94.014
2013-10-15,97.60799999999996
2013-10-16,95.382
2013-10-17,98.058
2013-10-18,99.66599999999994
2013-10-21,104.73000000000002
2013-10-22,108.966
2013-10-23,108.048
2013-10-24,108.168
2013-10-25,106.716
2013-10-28,98.20200000000006
2013-10-29,99.762
2013-10-30,105.336
2013-10-31,106.26600000000002
2013-11-01,108.93599999999998
2013-11-04,106.10399999999998
2013-11-05,109.26599999999996
2013-11-06,105.24600000000004
2013-11-07,105.666
2013-11-08,105.91199999999998
2013-11-11,98.82600000000002
2013-11-12,103.26
2013-11-13,102.44400000000002
2013-11-14,104.238
2013-11-15,104.79000000000002
2013-11-18,108.35999999999996
2013-11-19,107.14800000000002
2013-11-20,108.98400000000004
2013-11-21,105.30600000000004
2013-11-22,108.85799999999996
2013-11-25,117.33600000000008
2013-11-26,119.358
2013-11-27,123.77400000000006
2013-11-29,121.47600000000006
2013-12-01,121.47600000000006
2013-12-02,116.49
2013-12-03,110.37599999999998
2013-12-04,106.452
2013-12-05,105.69
2013-12-06,104.92199999999995
2013-12-09,104.08800000000008
2013-12-10,101.01600000000008
2013-12-11,103.84800000000008
2013-12-12,102.288
2013-12-13,104.81400000000002
2013-12-16,99.01799999999996
2013-12-17,98.53800000000008
2013-12-18,98.67000000000009
2013-12-19,97.83599999999996
2013-12-20,97.38600000000002
2013-12-23,101.25
2013-12-24,101.42399999999998
2013-12-26,101.20799999999996
2013-12-27,100.02000000000004
2013-12-30,107.17199999999993
2013-12-31,109.11
2014-01-01,109.11
2014-01-02,114.882
2014-01-03,117.80999999999996
2014-01-06,119.38800000000003
2014-01-07,118.98600000000005
2014-01-08,123.17399999999998
2014-01-09,123.45000000000005
2014-01-10,121.368
2014-01-13,123.85199999999998
2014-01-14,122.46599999999997
2014-01-15,119.63399999999996
2014-01-16,121.02599999999995
2014-01-17,121.52999999999996
2014-01-20,119.26200000000006
2014-01-21,117.31799999999998
2014-01-22,112.68000000000006
2014-01-23,111.762
2014-01-24,116.58000000000004
2014-01-27,117.04200000000009
2014-01-28,112.78800000000008
2014-01-29,114.79200000000004
2014-01-30,114.07800000000005
2014-01-31,116.30400000000007
2014-02-01,116.30400000000007
2014-02-03,114.132
2014-02-04,109.04400000000004
2014-02-05,107.51399999999995
2014-02-06,105.858
2014-02-07,101.286
2014-02-10,99.18600000000004
2014-02-11,101.05200000000002
2014-02-12,99.24600000000004
2014-02-13,100.416
2014-02-14,101.43
2014-02-17,107.226
2014-02-18,101.20799999999996
2014-02-19,99.79200000000004
2014-02-20,101.832
2014-02-21,100.31399999999996
2014-02-24,104.14800000000002
2014-02-25,107.09999999999997
2014-02-26,106.33800000000002
2014-02-27,105.40799999999996
2014-02-28,103.96800000000002
2014-03-01,103.96800000000002
2014-03-03,101.628
2014-03-04,104.87999999999994
2014-03-05,107.442
2014-03-06,107.652
2014-03-07,105.072
2014-03-10,110.32800000000005
2014-03-11,112.74599999999998
2014-03-12,117.108
2014-03-13,114.63000000000004
2014-03-14,114.16200000000003
2014-03-17,116.98199999999991
2014-03-18,111.56999999999994
2014-03-19,109.84799999999996
2014-03-20,113.27399999999994
2014-03-21,112.52999999999996
2014-03-24,112.038
2014-03-25,113.796
2014-03-26,110.77800000000002
2014-03-27,110.95800000000004
2014-03-28,110.40000000000003
2014-03-31,112.60200000000005
2014-04-01,115.93200000000002
2014-04-02,115.36200000000008
2014-04-03,114.88800000000003
2014-04-04,112.488
2014-04-07,114.594
2014-04-08,109.77000000000004
2014-04-09,107.29200000000004
2014-04-10,107.32799999999996
2014-04-11,106.18799999999992
2014-04-14,110.748
2014-04-15,112.13399999999996
2014-04-16,113.11199999999997
2014-04-17,111.25199999999997
2014-04-18,111.25199999999997
2014-04-21,112.87200000000009
2014-04-22,121.062
2014-04-23,120.84000000000005
2014-04-24,120.288
2014-04-25,123.16200000000003
2014-04-28,123.12
2014-04-29,122.45999999999998
2014-04-30,124.95600000000002
2014-05-01,125.71799999999996
2014-05-02,124.51799999999996
2014-05-05,122.67000000000002
2014-05-06,121.74599999999998
2014-05-07,119.96999999999996
2014-05-08,121.128
2014-05-09,121.30800000000004
2014-05-12,119.38799999999998
2014-05-13,117.32999999999998
2014-05-14,116.10000000000002
2014-05-15,117.84600000000006
2014-05-16,116.22000000000004
2014-05-19,113.45999999999998
2014-05-20,114.20400000000006
2014-05-21,109.716
2014-05-22,110.84999999999997
2014-05-23,107.74199999999996
2014-05-26,108.91799999999996
2014-05-27,109.01999999999998
2014-05-28,112.82999999999998
2014-05-29,109.866
2014-05-30,110.97599999999994
2014-06-01,110.97599999999994
2014-06-02,113.226
2014-06-03,111.49200000000002
2014-06-04,111.11399999999998
2014-06-05,112.59000000000005
2014-06-06,112.14000000000004
2014-06-09,106.11600000000004
2014-06-10,106.32600000000002
2014-06-11,106.89600000000002
2014-06-12,104.07
2014-06-13,102.906
2014-06-16,104.32799999999996
2014-06-17,106.41599999999994
2014-06-18,108.522
2014-06-19,107.70600000000002
2014-06-20,105.26399999999995
2014-06-23,109.33799999999997
2014-06-24,110.286
2014-06-25,107.784
2014-06-26,108.63600000000002
2014-06-27,107.676
2014-06-30,107.082
2014-07-01,107.19599999999996
2014-07-02,109.07999999999998
2014-07-03,109.79399999999993
2014-07-07,107.38799999999998
2014-07-08,106.43400000000004
2014-07-09,109.27799999999996
2014-07-10,108.204
2014-07-11,113.45999999999998
2014-07-14,110.358
2014-07-15,113.02800000000002
2014-07-16,108.81600000000005
2014-07-17,103.44000000000004
2014-07-18,102.84000000000005
2014-07-21,95.66400000000004
2014-07-22,97.41000000000004
2014-07-23,100.84200000000004
2014-07-24,103.73999999999997
2014-07-25,98.01
2014-07-28,91.03199999999998
2014-07-29,93.88800000000003
2014-07-30,95.034
2014-07-31,113.25600000000004
2014-08-01,113.69400000000002
2014-08-04,111.19199999999996
2014-08-05,112.94400000000002
2014-08-06,115.76999999999998
2014-08-07,115.632
2014-08-08,113.562
2014-08-11,112.164
2014-08-12,112.75800000000004
2014-08-13,114.35400000000004
2014-08-14,117.50400000000002
2014-08-15,112.85400000000004
2014-08-18,110.772
2014-08-19,117.42000000000002
2014-08-20,111.52199999999992
2014-08-21,119.358
2014-08-22,120.228
2014-08-25,114.21599999999997
2014-08-26,113.29799999999994
2014-08-27,113.84999999999997
2014-08-28,111.27599999999995
2014-08-29,108.19199999999996
2014-09-01,109.284
2014-09-02,120.28200000000004
2014-09-03,114.894
2014-09-04,117.57
2014-09-05,120.3
2014-09-08,121.248
2014-09-09,120.18
2014-09-10,121.89599999999996
2014-09-11,117.76799999999996
2014-09-12,119.64599999999996
2014-09-15,112.56599999999996
2014-09-16,107.54999999999995
2014-09-17,108.65999999999995
2014-09-18,111.43200000000002
2014-09-19,113.85599999999994
2014-09-22,111.13799999999998
2014-09-23,110.65800000000002
2014-09-24,104.88600000000002
2014-09-25,105.0
2014-09-26,99.54000000000002
2014-09-29,103.272
2014-09-30,111.336
2014-10-01,113.50800000000004
2014-10-02,111.99599999999998
2014-10-03,114.72599999999994
2014-10-06,108.69
2014-10-07,111.79199999999996
2014-10-08,115.584
2014-10-09,117.61199999999997
2014-10-10,119.17199999999995
2014-10-13,110.51999999999992
2014-10-14,119.778
2014-10-15,118.512
2014-10-16,117.31799999999993
2014-10-17,117.25199999999997
2014-10-20,109.89599999999996
2014-10-21,109.728
2014-10-22,114.30599999999998
2014-10-23,108.402
2014-10-24,112.56
2014-10-27,106.91999999999996
2014-10-28,107.586
2014-10-29,105.714
2014-10-30,108.822
2014-10-31,111.25199999999998
2014-11-01,111.25199999999998
2014-11-03,109.728
2014-11-04,113.79
2014-11-05,107.30400000000004
2014-11-06,111.25199999999997
2014-11-07,111.04200000000004
2014-11-10,109.88399999999996
2014-11-11,108.49800000000002
2014-11-12,109.056
2014-11-13,115.332
2014-11-14,111.46200000000002
2014-11-17,106.34999999999997
2014-11-18,110.33400000000006
2014-11-19,109.452
2014-11-20,105.918
2014-11-21,104.298
2014-11-24,98.70000000000005
2014-11-25,104.22000000000004
2014-11-26,104.69399999999996
2014-11-28,120.036
2014-12-01,109.656
2014-12-02,112.89600000000002
2014-12-03,110.41200000000003
2014-12-04,111.45
2014-12-05,113.844
2014-12-08,111.41399999999996
2014-12-09,111.054
2014-12-10,117.96
2014-12-11,120.9
2014-12-12,126.03000000000004
2014-12-15,118.35000000000002
2014-12-16,117.60600000000002
2014-12-17,117.65400000000002
2014-12-18,122.22
2014-12-19,114.95399999999998
2014-12-22,104.94
2014-12-23,109.968
2014-12-24,104.178
2014-12-26,107.088
2014-12-29,97.41600000000004
2014-12-30,96.17400000000004
2014-12-31,99.29399999999998
2015-01-01,99.29399999999998
2015-01-02,100.854
2015-01-05,100.59000000000005
2015-01-06,105.498
2015-01-07,103.032
2015-01-08,103.20600000000002
2015-01-09,103.8
2015-01-12,103.19399999999996
2015-01-13,102.312
2015-01-14,95.61
2015-01-15,100.332
2015-01-16,95.694
2015-01-19,90.066
2015-01-20,94.03199999999998
2015-01-21,90.894
2015-01-22,97.074
2015-01-23,98.622
2015-01-26,98.65800000000002
2015-01-27,95.496
2015-01-28,100.188
2015-01-29,99.39600000000002
2015-01-30,92.25
2015-02-01,92.25
2015-02-02,93.12
2015-02-03,84.47999999999996
2015-02-04,95.89799999999995
2015-02-05,91.026
2015-02-06,89.03999999999999
2015-02-09,96.17999999999998
2015-02-10,103.752
2015-02-11,107.02800000000002
2015-02-12,103.656
2015-02-13,101.412
2015-02-16,107.544
2015-02-17,104.76
2015-02-18,108.924
2015-02-19,113.592
2015-02-20,122.01599999999996
2015-02-23,130.116
2015-02-24,125.166
2015-02-25,119.772
2015-02-26,130.512
2015-02-27,120.74999999999996
2015-03-01,120.74999999999996
2015-03-02,125.32199999999996
2015-03-03,125.028
2015-03-04,118.45199999999996
2015-03-05,119.628
2015-03-06,122.406
2015-03-09,119.49599999999998
2015-03-10,123.372
2015-03-11,124.368
2015-03-12,125.13000000000002
2015-03-13,128.91
2015-03-16,129.198
2015-03-17,129.978
2015-03-18,130.08
2015-03-19,129.22199999999998
2015-03-20,123.40800000000002
2015-03-23,120.048
2015-03-24,119.73
2015-03-25,115.95600000000002
2015-03-26,112.97400000000002
2015-03-27,117.774
2015-03-30,118.494
2015-03-31,120.138
2015-04-01,114.198
2015-04-02,114.89999999999996
2015-04-03,114.89999999999996
2015-04-06,106.55399999999996
2015-04-07,102.07799999999996
2015-04-08,109.836
2015-04-09,110.046
2015-04-10,109.66799999999998
2015-04-13,109.128
2015-04-14,105.87600000000003
2015-04-15,100.09199999999998
2015-04-16,100.03200000000004
2015-04-17,102.25800000000004
2015-04-20,106.158
2015-04-21,107.51999999999998
2015-04-22,106.58999999999996
2015-04-23,107.00999999999996
2015-04-24,109.04999999999995
2015-04-27,114.762
2015-04-28,110.92200000000004
2015-04-29,106.21200000000005
2015-04-30,104.38800000000006
2015-05-01,106.41000000000004
2015-05-04,112.24200000000002
2015-05-05,109.542
2015-05-06,107.01000000000002
2015-05-07,111.02400000000004
2015-05-08,109.638
2015-05-11,112.27800000000002
2015-05-12,109.82400000000004
2015-05-13,110.736
2015-05-14,113.07
2015-05-15,113.676
2015-05-18,118.704
2015-05-19,122.73000000000002
2015-05-20,117.87600000000003
2015-05-21,116.10600000000002
2015-05-22,118.99800000000002
2015-05-25,122.18999999999996
2015-05-26,124.77599999999995
2015-05-27,122.352
2015-05-28,122.19
2015-05-29,117.702
2015-06-01,118.068
2015-06-02,115.85400000000004
2015-06-03,118.18200000000002
2015-06-04,121.17600000000004
2015-06-05,118.68600000000004
2015-06-08,122.406
2015-06-09,118.71600000000008
2015-06-10,116.30400000000004
2015-06-11,117.15600000000003
2015-06-12,117.858
2015-06-15,124.734
2015-06-16,124.34400000000002
2015-06-17,125.586
2015-06-18,124.44600000000004
2015-06-19,124.63200000000003
2015-06-22,121.698
2015-06-23,120.55200000000002
2015-06-24,122.16
2015-06-25,122.66400000000002
2015-06-26,123.16200000000006
2015-06-29,125.028
2015-06-30,123.24599999999998
2015-07-01,129.10200000000003
2015-07-02,128.71200000000002
2015-07-03,128.71200000000002
2015-07-06,136.34999999999997
2015-07-07,136.926
2015-07-08,138.75
2015-07-09,136.602
2015-07-10,136.78799999999998
2015-07-13,136.548
2015-07-14,134.13600000000002
2015-07-15,136.356
2015-07-16,137.64600000000002
2015-07-17,137.99999999999997
2015-07-20,136.99200000000002
2015-07-21,136.686
2015-07-22,140.18400000000003
2015-07-23,143.16000000000005
2015-07-24,142.62599999999998
2015-07-27,138.378
2015-07-28,136.44000000000003
2015-07-29,133.872
2015-07-30,134.54999999999998
2015-07-31,138.22200000000004
2015-08-01,138.22200000000004
2015-08-03,137.46000000000004
2015-08-04,136.84199999999998
2015-08-05,138.114
2015-08-06,139.89600000000002
2015-08-07,141.684
2015-08-10,135.91199999999998
2015-08-11,140.64600000000002
2015-08-12,141.282
2015-08-13,143.418
2015-08-14,142.07999999999998
2015-08-17,152.754
2015-08-18,150.63599999999997
2015-08-19,154.69799999999998
2015-08-20,152.98199999999997
2015-08-21,153.53999999999996
2015-08-24,151.36800000000002
2015-08-25,147.822
2015-08-26,149.94
2015-08-27,142.69199999999998
2015-08-28,137.76
2015-08-31,118.55399999999996
2015-09-01,126.234
2015-09-02,125.19600000000004
2015-09-03,124.22400000000005
2015-09-04,125.36400000000005
2015-09-07,119.56800000000004
2015-09-08,119.82600000000002
2015-09-09,123.18
2015-09-10,119.19600000000004
2015-09-11,121.40400000000002
2015-09-14,116.85
2015-09-15,115.52999999999996
2015-09-16,109.884
2015-09-17,110.034
2015-09-18,115.76999999999998
2015-09-21,106.61400000000005
2015-09-22,109.122
2015-09-23,113.16
2015-09-24,113.14800000000002
2015-09-25,111.23400000000004
2015-09-28,113.802
2015-09-29,112.29
2015-09-30,113.41799999999998
2015-10-01,114.26399999999998
2015-10-02,111.89399999999998
2015-10-05,111.31199999999998
2015-10-06,107.12399999999997
2015-10-07,107.79
2015-10-08,103.82999999999998
2015-10-09,102.31799999999998
2015-10-12,109.59599999999998
2015-10-13,109.63199999999996
2015-10-14,109.58999999999996
2015-10-15,110.92799999999995
2015-10-16,108.168
2015-10-19,105.24000000000004
2015-10-20,105.57600000000002
2015-10-21,107.562
2015-10-22,109.95000000000005
2015-10-23,112.03800000000004
2015-10-26,108.78
2015-10-27,108.384
2015-10-28,103.08
2015-10-29,102.30599999999998
2015-10-30,101.48999999999998
2015-11-01,101.48999999999998
2015-11-02,102.93
2015-11-03,100.04399999999998
2015-11-04,102.32999999999998
2015-11-05,104.64
2015-11-06,112.06799999999998
2015-11-09,108.84000000000005
2015-11-10,107.592
2015-11-11,110.382
2015-11-12,112.16400000000002
2015-11-13,114.306
2015-11-16,106.296
2015-11-17,108.39
2015-11-18,108.74999999999996
2015-11-19,108.846
2015-11-20,112.03199999999995
2015-11-23,103.48800000000004
2015-11-24,99.25800000000002
2015-11-25,98.22600000000004
2015-11-26,98.22600000000004
2015-11-27,98.286
2015-11-30,95.85
2015-12-01,95.694
2015-12-02,95.124
2015-12-03,93.22800000000002
2015-12-04,94.998
2015-12-07,99.09600000000002
2015-12-08,98.75400000000002
2015-12-09,100.15800000000002
2015-12-10,100.098
2015-12-11,100.656
2015-12-14,95.48399999999998
2015-12-15,93.378
2015-12-16,97.176
2015-12-17,99.18
2015-12-18,100.00199999999998
2015-12-21,98.538
2015-12-22,93.61800000000002
2015-12-23,93.294
2015-12-24,90.58800000000002
2015-12-28,94.78800000000004
2015-12-29,93.42
2015-12-30,94.14
2015-12-31,92.52
2016-01-01,92.52
2016-01-04,94.656
2016-01-05,97.092
2016-01-06,101.412
2016-01-07,104.376
2016-01-08,103.05
2016-01-11,104.02199999999998
2016-01-12,106.05599999999995
2016-01-13,105.006
2016-01-14,103.866
2016-01-15,107.244
2016-01-18,100.692
2016-01-19,102.246
2016-01-20,106.314
2016-01-21,98.922
2016-01-22,96.36
2016-01-25,92.988
2016-01-26,97.818
2016-01-27,90.15
2016-01-28,88.74000000000001
2016-01-29,87.768
2016-02-01,90.86400000000002
2016-02-02,95.05800000000002
2016-02-03,90.87
2016-02-04,92.59800000000004
2016-02-05,93.564
2016-02-08,91.008
2016-02-09,93.44400000000002
2016-02-10,94.452
2016-02-11,99.342
2016-02-12,92.346
2016-02-15,90.24599999999998
2016-02-16,91.14
2016-02-17,88.30799999999999
2016-02-18,87.74399999999997
2016-02-19,89.43599999999999
2016-02-22,86.95200000000001
2016-02-23,84.324
2016-02-24,90.096
2016-02-25,87.24000000000001
2016-02-26,86.364
2016-02-29,88.68
2016-03-01,84.10799999999999
2016-03-02,83.946
2016-03-03,84.47999999999999
2016-03-04,82.32000000000002
2016-03-07,84.32999999999998
2016-03-08,87.01199999999999
2016-03-09,85.38
2016-03-10,85.09799999999998
2016-03-11,83.256
2016-03-14,95.20799999999998
2016-03-15,92.09399999999997
2016-03-16,92.568
2016-03-17,88.18799999999997
2016-03-18,90.372
2016-03-21,92.622
2016-03-22,87.96
2016-03-23,95.49599999999998
2016-03-24,98.352
2016-03-25,98.352
2016-03-28,99.306
2016-03-29,101.45400000000004
2016-03-30,101.37000000000003
2016-03-31,101.86800000000002
2016-04-01,104.844
2016-04-04,107.1
2016-04-05,105.894
2016-04-06,98.88000000000002
2016-04-07,99.94800000000002
2016-04-08,95.862
2016-04-11,93.534
2016-04-12,91.28400000000002
2016-04-13,91.87199999999996
2016-04-14,92.15999999999998
2016-04-15,94.638
2016-04-18,102.96
2016-04-19,100.37999999999997
2016-04-20,97.506
2016-04-21,95.412
2016-04-22,96.756
2016-04-25,101.91599999999998
2016-04-26,100.70999999999998
2016-04-27,94.122
2016-04-28,92.994
2016-04-29,92.556
2016-05-01,92.556
2016-05-02,102.37800000000004
2016-05-03,104.83800000000002
2016-05-04,104.22600000000004
2016-05-05,102.58800000000002
2016-05-06,101.88000000000002
2016-05-09,100.39799999999994
2016-05-10,99.52199999999996
2016-05-11,97.158
2016-05-12,95.15399999999994
2016-05-13,97.29599999999996
2016-05-16,96.912
2016-05-17,96.29399999999998
2016-05-18,97.098
2016-05-19,96.936
2016-05-20,99.036
2016-05-23,102.516
2016-05-24,103.34399999999997
2016-05-25,101.04599999999996
2016-05-26,100.67399999999998
2016-05-27,99.384
2016-05-30,103.24800000000002
2016-05-31,103.86
2016-06-01,104.706
2016-06-02,103.95
2016-06-03,104.75400000000002
2016-06-06,106.272
2016-06-07,105.804
2016-06-08,104.69400000000002
2016-06-09,105.774
2016-06-10,108.636
2016-06-13,110.24399999999996
2016-06-14,110.94000000000004
2016-06-15,110.97000000000004
2016-06-16,114.756
2016-06-17,110.52
2016-06-20,103.29600000000002
2016-06-21,105.78
2016-06-22,104.47800000000004
2016-06-23,104.904
2016-06-24,110.262
2016-06-27,108.42600000000002
2016-06-28,103.422
2016-06-29,100.05599999999998
2016-06-30,102.402
2016-07-01,102.252
2016-07-04,98.47199999999998
2016-07-05,102.612
2016-07-06,101.65800000000002
2016-07-07,105.504
2016-07-08,103.794
2016-07-11,103.73999999999998
2016-07-12,98.39399999999998
2016-07-13,104.244
2016-07-14,99.45599999999996
2016-07-15,98.67
2016-07-18,98.08200000000002
2016-07-19,99.43200000000002
2016-07-20,99.39600000000002
2016-07-21,101.43
2016-07-22,101.90400000000002
2016-07-25,100.524
2016-07-26,101.244
2016-07-27,101.352
2016-07-28,102.94799999999998
2016-07-29,101.634
2016-08-01,104.42400000000002
2016-08-02,105.486
2016-08-03,103.05600000000004
2016-08-04,100.284
2016-08-05,100.59600000000002
2016-08-08,97.36800000000002
2016-08-09,97.662
2016-08-10,101.08800000000002
2016-08-11,97.866
2016-08-12,96.41400000000002
2016-08-15,97.116
2016-08-16,95.07000000000002
2016-08-17,95.31600000000005
2016-08-18,92.616
2016-08-19,91.27200000000002
2016-08-22,98.45400000000004
2016-08-23,96.654
2016-08-24,100.11
2016-08-25,98.95200000000004
2016-08-26,96.438
2016-08-29,102.018
2016-08-30,103.506
2016-08-31,105.612
2016-09-01,109.38600000000002
2016-09-02,106.10399999999998
2016-09-05,104.676
2016-09-06,103.422
2016-09-07,102.192
2016-09-08,97.76999999999998
2016-09-09,100.79399999999998
2016-09-12,97.2
2016-09-13,100.89
2016-09-14,103.206
2016-09-15,103.64999999999998
2016-09-16,106.03799999999998
2016-09-19,108.078
2016-09-20,106.632
2016-09-21,103.62
2016-09-22,101.772
2016-09-23,105.39600000000002
2016-09-26,102.34799999999998
2016-09-27,103.938
2016-09-28,99.78599999999996
2016-09-29,99.34799999999998
2016-09-30,100.10399999999998
2016-10-01,100.10399999999998
2016-10-03,99.34200000000004
2016-10-04,98.97600000000004
2016-10-05,96.66000000000004
2016-10-06,96.69000000000004
2016-10-07,97.59600000000005
2016-10-10,100.28400000000002
2016-10-11,97.362
2016-10-12,98.30399999999996
2016-10-13,97.65
2016-10-14,97.67399999999998
2016-10-17,96.756
2016-10-18,96.39600000000002
2016-10-19,92.988
2016-10-20,95.904
2016-10-21,95.634
2016-10-24,95.118
2016-10-25,96.29999999999995
2016-10-26,98.316
2016-10-27,96.066
2016-10-28,98.196
2016-10-31,100.128
2016-11-01,101.73
2016-11-02,105.32999999999998
2016-11-03,104.958
2016-11-04,105.88799999999998
2016-11-07,103.79399999999998
2016-11-08,103.00799999999998
2016-11-09,102.74999999999996
2016-11-10,103.608
2016-11-11,106.164
2016-11-14,101.718
2016-11-15,96.44400000000002
2016-11-16,96.462
2016-11-17,97.95600000000002
2016-11-18,97.79399999999998
2016-11-21,93.22199999999998
2016-11-22,91.326
2016-11-23,94.746
2016-11-24,94.746
2016-11-25,94.746
2016-11-28,97.67400000000004
2016-11-29,97.27200000000002
2016-11-30,87.89400000000003
2016-12-01,86.24400000000003
2016-12-02,84.93
2016-12-05,88.60800000000003
2016-12-06,90.24599999999998
2016-12-07,92.79
2016-12-08,90.114
2016-12-09,88.356
2016-12-12,89.45399999999998
2016-12-13,89.50199999999998
2016-12-14,94.22399999999996
2016-12-15,94.512
2016-12-16,92.556
2016-12-19,93.636
2016-12-20,93.95399999999998
2016-12-21,94.69799999999998
2016-12-22,93.708
2016-12-23,95.046
2016-12-26,99.33
2016-12-27,98.328
2016-12-28,95.304
2016-12-29,95.346
2016-12-30,95.79000000000002
2017-01-01,95.79000000000002
2017-01-02,101.25
2017-01-03,104.538
2017-01-04,102.04799999999996
2017-01-05,100.85399999999998
2017-01-06,100.26600000000002
2017-01-09,104.25599999999996
2017-01-10,106.554
2017-01-11,104.54399999999998
2017-01-12,102.924
2017-01-13,104.07600000000002
2017-01-16,101.55600000000004
2017-01-17,101.07599999999996
2017-01-18,103.59600000000005
2017-01-19,102.534
2017-01-20,100.764
2017-01-23,95.57999999999998
2017-01-24,97.08599999999998
2017-01-25,97.00799999999998
2017-01-26,94.71599999999998
2017-01-27,93.93
2017-01-30,92.17800000000004
2017-01-31,92.15400000000002
2017-02-01,90.97200000000004
2017-02-02,92.31600000000005
2017-02-03,91.41000000000004
2017-02-06,91.794
2017-02-07,94.38000000000002
2017-02-08,94.42800000000004
2017-02-09,92.77800000000002
2017-02-10,91.194
2017-02-13,92.78400000000002
2017-02-14,92.70600000000002
2017-02-15,92.62800000000004
2017-02-16,91.60200000000005
2017-02-17,92.316
2017-02-20,91.98000000000005
2017-02-21,91.074
2017-02-22,91.25400000000003
2017-02-23,89.61000000000001
2017-02-24,91.66800000000003
2017-02-27,92.526
2017-02-28,92.898
2017-03-01,92.51399999999998
2017-03-02,94.278
2017-03-03,92.514
2017-03-06,96.168
2017-03-07,97.95
2017-03-08,104.48399999999998
2017-03-09,106.548
2017-03-10,107.346
2017-03-13,105.83999999999996
2017-03-14,107.97
2017-03-15,105.258
2017-03-16,104.70600000000002
2017-03-17,104.796
2017-03-20,106.236
2017-03-21,108.12599999999998
2017-03-22,107.064
2017-03-23,107.682
2017-03-24,107.454
2017-03-27,107.286
2017-03-28,104.02200000000003
2017-03-29,101.574
2017-03-30,99.67200000000004
2017-03-31,99.582
2017-04-01,99.582
2017-04-03,101.88000000000002
2017-04-04,101.00400000000002
2017-04-05,100.596
2017-04-06,102.39000000000004
2017-04-07,100.92000000000002
2017-04-10,105.336
2017-04-11,104.46
2017-04-12,104.73600000000002
2017-04-13,104.40000000000003
2017-04-14,104.40000000000003
2017-04-17,105.984
2017-04-18,106.04399999999998
2017-04-19,110.27400000000004
2017-04-20,110.71200000000002
2017-04-21,111.35399999999998
2017-04-24,114.45600000000002
2017-04-25,114.08399999999996
2017-04-26,113.20199999999996
2017-04-27,113.01599999999996
2017-04-28,111.546
2017-05-01,108.87
2017-05-02,111.69600000000004
2017-05-03,111.444
2017-05-04,115.68600000000004
2017-05-05,115.368
2017-05-08,111.57
2017-05-09,113.05199999999996
2017-05-10,109.908
2017-05-11,109.03199999999998
2017-05-12,109.14
2017-05-15,106.26
2017-05-16,107.13
2017-05-17,106.81199999999998
2017-05-18,105.936
2017-05-19,104.652
2017-05-22,105.82800000000005
2017-05-23,105.57000000000002
2017-05-24,105.246
2017-05-25,110.154
2017-05-26,107.712
2017-05-29,107.88
2017-05-30,107.09999999999997
2017-05-31,109.272
2017-06-01,108.426
2017-06-02,109.884
2017-06-05,109.002
2017-06-06,108.86999999999998
2017-06-07,113.92800000000004
2017-06-08,114.20400000000004
2017-06-09,114.162
2017-06-12,108.86999999999996
2017-06-13,108.98999999999998
2017-06-14,112.25399999999996
2017-06-15,113.21399999999996
2017-06-16,113.06399999999996
2017-06-19,109.41000000000004
2017-06-20,111.56400000000002
2017-06-21,112.71600000000004
2017-06-22,112.90200000000002
2017-06-23,112.24800000000003
2017-06-26,109.008
2017-06-27,106.90200000000002
2017-06-28,106.60800000000005
2017-06-29,106.524
2017-06-30,104.952
2017-07-01,104.952
2017-07-03,101.75999999999996
2017-07-04,101.75999999999996
2017-07-05,104.28
2017-07-06,103.59599999999998
2017-07-07,106.10399999999998
2017-07-10,109.266
2017-07-11,108.33599999999998
2017-07-12,106.908
2017-07-13,105.58799999999997
2017-07-14,105.564
2017-07-17,104.406
2017-07-18,103.686
2017-07-19,103.392
2017-07-20,104.208
2017-07-21,105.714
2017-07-24,107.65800000000002
2017-07-25,105.03600000000004
2017-07-26,103.78200000000004
2017-07-27,102.66600000000004
2017-07-28,102.12600000000003
2017-07-31,105.318
2017-08-01,107.58
2017-08-02,106.728
2017-08-03,107.808
2017-08-04,106.482
2017-08-07,108.59400000000002
2017-08-08,109.07399999999998
2017-08-09,108.648
2017-08-10,110.58000000000004
2017-08-11,110.106
2017-08-14,113.472
2017-08-15,113.28
2017-08-16,114.45600000000005
2017-08-17,113.898
2017-08-18,111.186
2017-08-21,110.25
2017-08-22,110.26800000000004
2017-08-23,109.212
2017-08-24,112.842
2017-08-25,111.36
2017-08-28,120.402
2017-08-29,119.298
2017-08-30,120.67200000000004
2017-08-31,122.52599999999998
2017-09-01,124.362
2017-09-04,148.04999999999998
2017-09-05,143.742
2017-09-06,141.696
2017-09-07,142.79400000000004
2017-09-08,146.97600000000006
2017-09-11,144.57
2017-09-12,144.16199999999998
2017-09-13,139.04399999999998
2017-09-14,141.06
2017-09-15,141.06599999999997
2017-09-18,136.92600000000002
2017-09-19,136.89600000000002
2017-09-20,135.906
2017-09-21,135.45600000000002
2017-09-22,135.786
2017-09-25,129.04199999999997
2017-09-26,129.94799999999995
2017-09-27,127.584
2017-09-28,132.08400000000003
2017-09-29,131.178
2017-10-01,131.178
2017-10-02,127.73999999999998
2017-10-03,128.82
2017-10-04,130.97999999999996
2017-10-05,129.24
2017-10-06,131.53199999999995
2017-10-09,123.21000000000004
2017-10-10,120.46200000000002
2017-10-11,119.60400000000004
2017-10-12,121.25400000000002
2017-10-13,119.84400000000002
2017-10-16,118.63799999999998
2017-10-17,118.818
2017-10-18,118.06799999999998
2017-10-19,120.558
2017-10-20,120.33599999999998
2017-10-23,117.85800000000005
2017-10-24,118.434
2017-10-25,119.23200000000006
2017-10-26,118.41600000000004
2017-10-27,115.23000000000002
2017-10-30,115.20600000000002
2017-10-31,114.498
2017-11-01,113.694
2017-11-02,113.08800000000002
2017-11-03,110.77199999999996
2017-11-06,112.194
2017-11-07,112.476
2017-11-08,112.78800000000004
2017-11-09,112.818
2017-11-10,114.132
2017-11-13,116.88600000000002
2017-11-14,118.632
2017-11-15,120.26400000000004
2017-11-16,120.93599999999998
2017-11-17,118.90200000000004
2017-11-20,116.88599999999995
2017-11-21,115.08
2017-11-22,112.04399999999995
2017-11-23,112.04399999999995
2017-11-24,109.49399999999996
2017-11-27,108.82199999999996
2017-11-28,109.368
2017-11-29,110.53199999999998
2017-11-30,108.78000000000004
2017-12-01,107.94599999999996
2017-12-04,105.68400000000004
2017-12-05,106.23600000000002
2017-12-06,109.368
2017-12-07,108.54000000000002
2017-12-08,108.01800000000004
2017-12-11,106.07399999999993
2017-12-12,108.10799999999998
2017-12-13,108.52199999999996
2017-12-14,107.50199999999997
2017-12-15,106.25399999999996
2017-12-18,103.84199999999998
2017-12-19,103.42800000000004
2017-12-20,101.922
2017-12-21,101.29799999999996
2017-12-22,102.45
2017-12-25,104.634
2017-12-26,103.84200000000004
2017-12-27,103.188
2017-12-28,103.602
2017-12-29,102.582
2018-01-01,106.95
2018-01-02,106.79999999999998
2018-01-03,105.05400000000004
2018-01-04,103.31400000000002
2018-01-05,104.616
2018-01-08,102.84599999999996
2018-01-09,99.86399999999998
2018-01-10,98.24399999999996
2018-01-11,97.57199999999996
2018-01-12,96.80399999999996
2018-01-15,100.49999999999996
2018-01-16,100.77599999999998
2018-01-17,100.224
2018-01-18,99.93599999999998
2018-01-19,101.54999999999998
2018-01-22,101.50800000000008
2018-01-23,100.524
2018-01-24,97.22400000000005
2018-01-25,97.14
2018-01-26,96.36600000000004
2018-01-29,99.43200000000002
2018-01-30,101.71800000000002
2018-01-31,101.05200000000002
2018-02-01,98.25599999999996
2018-02-02,97.248
2018-02-05,102.17399999999998
2018-02-06,103.392
2018-02-07,105.624
2018-02-08,105.858
2018-02-09,110.98199999999996
2018-02-12,107.03400000000002
2018-02-13,107.274
2018-02-14,104.71799999999996
2018-02-15,102.75600000000004
2018-02-16,102.324
2018-02-19,97.61999999999996
2018-02-20,97.056
2018-02-21,97.46999999999996
2018-02-22,95.634
2018-02-23,94.66199999999998
2018-02-26,93.45600000000002
2018-02-27,95.52000000000004
2018-02-28,97.068
2018-03-01,98.12400000000002
2018-03-02,97.452
2018-03-05,94.686
2018-03-06,94.74599999999998
2018-03-07,99.09599999999998
2018-03-08,101.34599999999998
2018-03-09,96.13800000000003
2018-03-12,96.846
2018-03-13,100.716
2018-03-14,100.57799999999996
2018-03-15,100.146
2018-03-16,97.428
2018-03-19,101.71200000000002
2018-03-20,98.766
2018-03-21,97.398
2018-03-22,98.98200000000004
2018-03-23,95.34000000000005
2018-03-26,99.63000000000004
2018-03-27,100.344
2018-03-28,103.074
2018-03-29,101.57399999999996
2018-03-30,101.57399999999996
2018-04-01,101.57399999999996
2018-04-02,110.10000000000002
2018-04-03,109.398
2018-04-04,109.074
2018-04-05,108.366
2018-04-06,112.068
2018-04-09,109.30200000000002
2018-04-10,106.002
2018-04-11,103.39800000000002
2018-04-12,102.156
2018-04-13,102.03000000000006
2018-04-16,109.002
2018-04-17,107.562
2018-04-18,103.67400000000004
2018-04-19,104.76600000000002
2018-04-20,104.92799999999994
2018-04-23,111.03600000000006
2018-04-24,111.64200000000008
2018-04-25,110.83200000000004
2018-04-26,111.216
2018-04-27,110.54400000000004
2018-04-30,113.94
2018-05-01,115.59600000000005
2018-05-02,114.294
2018-05-03,112.884
2018-05-04,110.574
2018-05-07,107.48400000000004
2018-05-08,113.298
2018-05-09,108.15600000000003
2018-05-10,107.72400000000005
2018-05-11,109.86
2018-05-14,114.44399999999996
2018-05-15,112.95000000000002
2018-05-16,113.64600000000002
2018-05-17,114.366
2018-05-18,114.498
2018-05-21,115.85999999999996
2018-05-22,116.076
2018-05-23,117.42600000000002
2018-05-24,119.574
2018-05-25,125.52000000000004
2018-05-28,129.132
2018-05-29,131.69400000000002
2018-05-30,129.348
2018-05-31,132.16199999999998
2018-06-01,134.286
2018-06-04,134.16000000000005
2018-06-05,131.154
2018-06-06,133.56000000000006
2018-06-07,131.61
2018-06-08,131.42400000000004
2018-06-11,128.16600000000005
2018-06-12,127.074
2018-06-13,127.62599999999998
2018-06-14,125.73600000000002
2018-06-15,128.20199999999994
2018-06-18,124.83
2018-06-19,126.912
2018-06-20,123.49800000000003
2018-06-21,123.378
2018-06-22,115.16400000000004
2018-06-25,108.08400000000005
2018-06-26,93.09000000000005
2018-06-27,87.936
2018-06-28,99.858
2018-06-29,99.24600000000004
2018-07-01,99.24600000000004
2018-07-02,99.252
2018-07-03,99.06600000000005
2018-07-04,99.06600000000005
2018-07-05,103.49400000000004
2018-07-06,100.63199999999998
2018-07-09,102.45
2018-07-10,102.75
2018-07-11,109.04999999999998
2018-07-12,109.872
2018-07-13,108.042
